compound_id,mean_tanimoto_to_actives
MOL_1,0.12684959
MOL_2,0.12792432
MOL_3,0.12312056
MOL_4,0.11074442
MOL_5,0.12765664
MOL_6,0.12259414
MOL_7,0.12141320
MOL_8,0.09265155
MOL_9,0.09765886
MOL_10,0.11233555
MOL_11,0.12073973
MOL_12,0.11431754
MOL_13,0.14440465
MOL_14,0.09925938
MOL_15,0.12619536
MOL_16,0.12342042
MOL_17,0.13893236
MOL_18,0.14127713
MOL_19,0.10715693
MOL_20,0.14070925
MOL_21,0.10620534
MOL_22,0.10149067
MOL_23,0.11675724
MOL_24,0.12047355
MOL_25,0.11966029
MOL_26,0.10304561
MOL_27,0.09517665
MOL_28,0.10377364
MOL_29,0.11319691
MOL_30,0.10105567
MOL_31,0.14203261
MOL_32,0.11308063
MOL_33,0.11448306
MOL_34,0.12748352
MOL_35,0.12304956
MOL_36,0.12623160
MOL_37,0.14162667
MOL_38,0.11348550
MOL_39,0.12239584
MOL_40,0.10656280
MOL_41,0.11773866
MOL_42,0.11555152
MOL_43,0.11796256
MOL_44,0.12953122
MOL_45,0.12938276
MOL_46,0.10984531
MOL_47,0.14508569
MOL_48,0.10773180
MOL_49,0.13522156
MOL_50,0.12763499
MOL_51,0.12756586
MOL_52,0.15094347
MOL_53,0.12807040
MOL_54,0.11928026
MOL_55,0.10595372
MOL_56,0.12877777
MOL_57,0.11953793
MOL_58,0.09779362
MOL_59,0.10020842
MOL_60,0.11769036
MOL_61,0.11958960
MOL_62,0.14089814
MOL_63,0.11782675
MOL_64,0.13820635
MOL_65,0.12664640
MOL_66,0.11821505
MOL_67,0.12656420
MOL_68,0.11425412
MOL_69,0.13791016
MOL_70,0.12586842
MOL_71,0.11958181
MOL_72,0.12797450
MOL_73,0.11719558
MOL_74,0.10813235
MOL_75,0.12143208
MOL_76,0.13460432
MOL_77,0.11737595
MOL_78,0.10980208
MOL_79,0.12682310
MOL_80,0.10871191
MOL_81,0.14999180
MOL_82,0.12107307
MOL_83,0.11133837
MOL_84,0.15320881
MOL_85,0.12952697
MOL_86,0.13817391
MOL_87,0.13143921
MOL_88,0.10966005
MOL_89,0.12768100
MOL_90,0.10793564
MOL_91,0.15526427
MOL_92,0.11586447
MOL_93,0.12115491
MOL_94,0.13654016
MOL_95,0.12071779
MOL_96,0.13220054
MOL_97,0.09662443
MOL_98,0.11169637
MOL_99,0.12224694
MOL_100,0.10270818
MOL_101,0.09795498
MOL_102,0.09911060
MOL_103,0.10926014
MOL_104,0.12743454
MOL_105,0.08814711
MOL_106,0.15035082
MOL_107,0.12724724
MOL_108,0.10997743
MOL_109,0.10335076
MOL_110,0.09137207
MOL_111,0.15698825
MOL_112,0.12252951
MOL_113,0.12212394
MOL_114,0.11195292
MOL_115,0.10936927
MOL_116,0.10327744
MOL_117,0.12959729
MOL_118,0.12905844
MOL_119,0.14680539
MOL_120,0.11822501
MOL_121,0.12232106
MOL_122,0.12604891
MOL_123,0.11972393
MOL_124,0.13013130
MOL_125,0.10535736
MOL_126,0.11380775
MOL_127,0.14552237
MOL_128,0.14135544
MOL_129,0.13071455
MOL_130,0.10900439
MOL_131,0.10311900
MOL_132,0.11502620
MOL_133,0.11312892
MOL_134,0.11534345
MOL_135,0.13433284
MOL_136,0.12757650
MOL_137,0.11962781
MOL_138,0.10142633
MOL_139,0.11934336
MOL_140,0.11656778
MOL_141,0.13258834
MOL_142,0.12808987
MOL_143,0.13806362
MOL_144,0.11806398
MOL_145,0.12000791
MOL_146,0.12073555
MOL_147,0.12816617
MOL_148,0.12733822
MOL_149,0.09581666
MOL_150,0.12298368
MOL_151,0.12274062
MOL_152,0.12416326
MOL_153,0.14004174
MOL_154,0.13142246
MOL_155,0.10414652
MOL_156,0.10082485
MOL_157,0.14463896
MOL_158,0.13484237
MOL_159,0.10503227
MOL_160,0.11382153
MOL_161,0.11068676
MOL_162,0.13335797
MOL_163,0.10479195
MOL_164,0.11611818
MOL_165,0.13257021
MOL_166,0.10876196
MOL_167,0.12390011
MOL_168,0.11182632
MOL_169,0.11412840
MOL_170,0.11648584
MOL_171,0.11655428
MOL_172,0.12977071
MOL_173,0.10377598
MOL_174,0.12037436
MOL_175,0.08958016
MOL_176,0.12601329
MOL_177,0.12598597
MOL_178,0.12184142
MOL_179,0.12010885
MOL_180,0.11431716
MOL_181,0.11795617
MOL_182,0.12030771
MOL_183,0.15900305
MOL_184,0.12681308
MOL_185,0.11931186
MOL_186,0.13334185
MOL_187,0.14429794
MOL_188,0.14007810
MOL_189,0.12639286
MOL_190,0.12842228
MOL_191,0.12190036
MOL_192,0.11927435
MOL_193,0.12713547
MOL_194,0.11642787
MOL_195,0.13096984
MOL_196,0.13473321
MOL_197,0.11067249
MOL_198,0.13590485
MOL_199,0.13983953
MOL_200,0.12736441
MOL_201,0.13071573
MOL_202,0.12714526
MOL_203,0.14080399
MOL_204,0.12809637
MOL_205,0.12483389
MOL_206,0.11656081
MOL_207,0.12555034
MOL_208,0.13415943
MOL_209,0.12725225
MOL_210,0.12373544
MOL_211,0.09826198
MOL_212,0.10751837
MOL_213,0.12644276
MOL_214,0.12775019
MOL_215,0.11661021
MOL_216,0.13591345
MOL_217,0.14504676
MOL_218,0.11530511
MOL_219,0.12974343
MOL_220,0.13386938
MOL_221,0.11124207
MOL_222,0.10558836
MOL_223,0.11337467
MOL_224,0.10370716
MOL_225,0.13079073
MOL_226,0.12638973
MOL_227,0.13314468
MOL_228,0.13573918
MOL_229,0.10824895
MOL_230,0.11536092
MOL_231,0.12481730
MOL_232,0.10163249
MOL_233,0.10663844
MOL_234,0.09981827
MOL_235,0.12120363
MOL_236,0.11221547
MOL_237,0.11997754
MOL_238,0.12618025
MOL_239,0.11826291
MOL_240,0.12751146
MOL_241,0.10328761
MOL_242,0.12805492
MOL_243,0.10436093
MOL_244,0.11481443
MOL_245,0.12050385
MOL_246,0.13955946
MOL_247,0.14839175
MOL_248,0.14798246
MOL_249,0.12244187
MOL_250,0.12004041
MOL_251,0.12038101
MOL_252,0.08898554
MOL_253,0.10076904
MOL_254,0.13469371
MOL_255,0.11148917
MOL_256,0.09701016
MOL_257,0.13848580
MOL_258,0.11906471
MOL_259,0.12993225
MOL_260,0.11339417
MOL_261,0.12063742
MOL_262,0.13387331
MOL_263,0.12305532
MOL_264,0.10084619
MOL_265,0.12224208
MOL_266,0.11115699
MOL_267,0.10976242
MOL_268,0.11636352
MOL_269,0.13079976
MOL_270,0.13735607
MOL_271,0.09596498
MOL_272,0.08824825
MOL_273,0.12263432
MOL_274,0.10077635
MOL_275,0.13147354
MOL_276,0.12567130
MOL_277,0.12729876
MOL_278,0.12362000
MOL_279,0.11443982
MOL_280,0.09704690
MOL_281,0.11677231
MOL_282,0.11807427
MOL_283,0.12812862
MOL_284,0.12733543
MOL_285,0.13791370
MOL_286,0.13201852
MOL_287,0.12565209
MOL_288,0.10662685
MOL_289,0.10081109
MOL_290,0.12996790
MOL_291,0.11198193
MOL_292,0.13529654
MOL_293,0.12867701
MOL_294,0.09892464
MOL_295,0.10751516
MOL_296,0.12020151
MOL_297,0.13400377
MOL_298,0.12034343
MOL_299,0.13544711
MOL_300,0.12000281
MOL_301,0.12866831
MOL_302,0.12868188
MOL_303,0.11270232
MOL_304,0.14291054
MOL_305,0.11500235
MOL_306,0.11975116
MOL_307,0.13716806
MOL_308,0.12385415
MOL_309,0.12333391
MOL_310,0.12642211
MOL_311,0.14111362
MOL_312,0.12687458
MOL_313,0.12836976
MOL_314,0.10681763
MOL_315,0.10992210
MOL_316,0.10632397
MOL_317,0.11795375
MOL_318,0.12924461
MOL_319,0.12215835
MOL_320,0.12708269
MOL_321,0.11704335
MOL_322,0.12981361
MOL_323,0.13686465
MOL_324,0.10655709
MOL_325,0.12739995
MOL_326,0.11124644
MOL_327,0.11900389
MOL_328,0.12430283
MOL_329,0.15704077
MOL_330,0.12188091
MOL_331,0.11863389
MOL_332,0.12981348
MOL_333,0.11826923
MOL_334,0.13874249
MOL_335,0.12889946
MOL_336,0.11252199
MOL_337,0.12913337
MOL_338,0.11941421
MOL_339,0.10887460
MOL_340,0.11969396
MOL_341,0.09679676
MOL_342,0.12905069
MOL_343,0.13111624
MOL_344,0.13083476
MOL_345,0.12390188
MOL_346,0.12198103
MOL_347,0.13050856
MOL_348,0.14207512
MOL_349,0.11707117
MOL_350,0.10735649
MOL_351,0.12787895
MOL_352,0.10559031
MOL_353,0.11980874
MOL_354,0.13577382
MOL_355,0.12661205
MOL_356,0.09471435
MOL_357,0.13477536
MOL_358,0.12375377
MOL_359,0.12141493
MOL_360,0.10101599
MOL_361,0.13703771
MOL_362,0.11464430
MOL_363,0.14263302
MOL_364,0.12137384
MOL_365,0.11984545
MOL_366,0.11011245
MOL_367,0.11240587
MOL_368,0.12886651
MOL_369,0.12731698
MOL_370,0.12442431
MOL_371,0.13825190
MOL_372,0.12677607
MOL_373,0.14809452
MOL_374,0.12384896
MOL_375,0.13113731
MOL_376,0.14122790
MOL_377,0.13574982
MOL_378,0.07667904
MOL_379,0.12624274
MOL_380,0.11605117
MOL_381,0.10019570
MOL_382,0.09962784
MOL_383,0.07757237
MOL_384,0.12487981
MOL_385,0.10248300
MOL_386,0.12986875
MOL_387,0.12858479
MOL_388,0.12761669
MOL_389,0.12129483
MOL_390,0.12387442
MOL_391,0.14676261
MOL_392,0.14343272
MOL_393,0.11895775
MOL_394,0.11834637
MOL_395,0.12628543
MOL_396,0.13590497
MOL_397,0.13110013
MOL_398,0.10671190
MOL_399,0.11796029
MOL_400,0.11473199
MOL_401,0.10986907
MOL_402,0.10852898
MOL_403,0.09162012
MOL_404,0.10818450
MOL_405,0.14690912
MOL_406,0.13063592
MOL_407,0.12214375
MOL_408,0.13625117
MOL_409,0.10840325
MOL_410,0.10928353
MOL_411,0.12371389
MOL_412,0.13035965
MOL_413,0.11201047
MOL_414,0.12450129
MOL_415,0.12733962
MOL_416,0.14635630
MOL_417,0.11188825
MOL_418,0.10838874
MOL_419,0.11340857
MOL_420,0.12680817
MOL_421,0.12669383
MOL_422,0.11444224
MOL_423,0.12071393
MOL_424,0.12132804
MOL_425,0.10608457
MOL_426,0.12655647
MOL_427,0.12736160
MOL_428,0.11998978
MOL_429,0.14155810
MOL_430,0.13013241
MOL_431,0.12599809
MOL_432,0.11781542
MOL_433,0.12381399
MOL_434,0.12478048
MOL_435,0.09929261
MOL_436,0.11071686
MOL_437,0.13587475
MOL_438,0.13761729
MOL_439,0.13161585
MOL_440,0.14008261
MOL_441,0.11086386
MOL_442,0.10591359
MOL_443,0.09962844
MOL_444,0.12307239
MOL_445,0.14212626
MOL_446,0.12533592
MOL_447,0.11691558
MOL_448,0.12098144
MOL_449,0.13041805
MOL_450,0.12157026
MOL_451,0.11604558
MOL_452,0.07404878
MOL_453,0.13633609
MOL_454,0.11598266
MOL_455,0.12214793
MOL_456,0.09266650
MOL_457,0.11170729
MOL_458,0.10409462
MOL_459,0.11676700
MOL_460,0.13438967
MOL_461,0.10747143
MOL_462,0.12046523
MOL_463,0.11354844
MOL_464,0.12308864
MOL_465,0.11024992
MOL_466,0.11893220
MOL_467,0.10281049
MOL_468,0.13668478
MOL_469,0.10818335
MOL_470,0.12362918
MOL_471,0.10641378
MOL_472,0.13515288
MOL_473,0.13309696
MOL_474,0.11700767
MOL_475,0.12980482
MOL_476,0.13117792
MOL_477,0.13291121
MOL_478,0.12017123
MOL_479,0.13620248
MOL_480,0.08043795
MOL_481,0.10777456
MOL_482,0.13023356
MOL_483,0.10491620
MOL_484,0.14512673
MOL_485,0.13196993
MOL_486,0.11471821
MOL_487,0.09833484
MOL_488,0.12066926
MOL_489,0.11520127
MOL_490,0.13723852
MOL_491,0.13289614
MOL_492,0.13317017
MOL_493,0.12646335
MOL_494,0.13284317
MOL_495,0.11796928
MOL_496,0.11785447
MOL_497,0.12867494
MOL_498,0.10252255
MOL_499,0.11835399
MOL_500,0.12659533
MOL_501,0.12798174
MOL_502,0.12800997
MOL_503,0.11340056
MOL_504,0.09357781
MOL_505,0.12709531
MOL_506,0.12969270
MOL_507,0.12043216
MOL_508,0.12818024
MOL_509,0.13204703
MOL_510,0.13737309
MOL_511,0.12948947
MOL_512,0.11814940
MOL_513,0.09583689
MOL_514,0.09608326
MOL_515,0.11526089
MOL_516,0.16296837
MOL_517,0.11584637
MOL_518,0.16823028
MOL_519,0.10749390
MOL_520,0.08501363
MOL_521,0.11225332
MOL_522,0.10289996
MOL_523,0.11661848
MOL_524,0.10654074
MOL_525,0.12148181
MOL_526,0.11980407
MOL_527,0.12534896
MOL_528,0.13754487
MOL_529,0.14223012
MOL_530,0.10975587
MOL_531,0.14247578
MOL_532,0.12244651
MOL_533,0.12381466
MOL_534,0.12039585
MOL_535,0.13433173
MOL_536,0.14328712
MOL_537,0.12039482
MOL_538,0.12727547
MOL_539,0.15646423
MOL_540,0.12113317
MOL_541,0.11527922
MOL_542,0.12692431
MOL_543,0.12348331
MOL_544,0.10694416
MOL_545,0.12146155
MOL_546,0.12071440
MOL_547,0.11219972
MOL_548,0.09473700
MOL_549,0.13486707
MOL_550,0.11883629
MOL_551,0.12717944
MOL_552,0.11735877
MOL_553,0.10712636
MOL_554,0.10975799
MOL_555,0.10568323
MOL_556,0.12142912
MOL_557,0.11141616
MOL_558,0.14980991
MOL_559,0.12010625
MOL_560,0.12626182
MOL_561,0.13071434
MOL_562,0.10463331
MOL_563,0.12777476
MOL_564,0.12114239
MOL_565,0.13482581
MOL_566,0.11040339
MOL_567,0.11658090
MOL_568,0.10517241
MOL_569,0.11971866
MOL_570,0.11346343
MOL_571,0.11853351
MOL_572,0.12185591
MOL_573,0.10817974
MOL_574,0.10262235
MOL_575,0.13687877
MOL_576,0.09294798
MOL_577,0.14438304
MOL_578,0.11256135
MOL_579,0.11245190
MOL_580,0.11342937
MOL_581,0.11567033
MOL_582,0.13404572
MOL_583,0.13243553
MOL_584,0.14391199
MOL_585,0.11838932
MOL_586,0.14262068
MOL_587,0.11344969
MOL_588,0.13057171
MOL_589,0.10044193
MOL_590,0.14642096
MOL_591,0.11725516
MOL_592,0.12034805
MOL_593,0.11965305
MOL_594,0.11005861
MOL_595,0.14201486
MOL_596,0.11815216
MOL_597,0.11342260
MOL_598,0.12112610
MOL_599,0.11236788
MOL_600,0.14264202
MOL_601,0.13406269
MOL_602,0.12402924
MOL_603,0.11322884
MOL_604,0.12996881
MOL_605,0.11407240
MOL_606,0.10196903
MOL_607,0.09855524
MOL_608,0.14719313
MOL_609,0.09189742
MOL_610,0.12262443
MOL_611,0.13483749
MOL_612,0.11618667
MOL_613,0.10563977
MOL_614,0.11175837
MOL_615,0.10199717
MOL_616,0.10168827
MOL_617,0.10767715
MOL_618,0.12773642
MOL_619,0.11917553
MOL_620,0.11581728
MOL_621,0.12356073
MOL_622,0.12935795
MOL_623,0.12041108
MOL_624,0.13874608
MOL_625,0.11998446
MOL_626,0.11900295
MOL_627,0.11265644
MOL_628,0.12567355
MOL_629,0.12000810
MOL_630,0.12400036
MOL_631,0.12924904
MOL_632,0.11977620
MOL_633,0.10219898
MOL_634,0.13614200
MOL_635,0.11648152
MOL_636,0.13456230
MOL_637,0.12238266
MOL_638,0.10977741
MOL_639,0.10938676
MOL_640,0.12614463
MOL_641,0.11887997
MOL_642,0.10797775
MOL_643,0.12294261
MOL_644,0.11795312
MOL_645,0.11722819
MOL_646,0.12412436
MOL_647,0.12635532
MOL_648,0.09933806
MOL_649,0.12437330
MOL_650,0.11102185
MOL_651,0.11355810
MOL_652,0.13489898
MOL_653,0.14308183
MOL_654,0.10623005
MOL_655,0.10465718
MOL_656,0.12667440
MOL_657,0.13702288
MOL_658,0.11544631
MOL_659,0.12630615
MOL_660,0.10458020
MOL_661,0.12214599
MOL_662,0.11037572
MOL_663,0.10447965
MOL_664,0.12322398
MOL_665,0.10533322
MOL_666,0.13596402
MOL_667,0.11563328
MOL_668,0.11351388
MOL_669,0.14689136
MOL_670,0.14286612
MOL_671,0.12721333
MOL_672,0.11797319
MOL_673,0.12318934
MOL_674,0.11764794
MOL_675,0.11565859
MOL_676,0.15431525
MOL_677,0.10769815
MOL_678,0.12830478
MOL_679,0.10703830
MOL_680,0.11846526
MOL_681,0.10117351
MOL_682,0.12795737
MOL_683,0.08873484
MOL_684,0.11653402
MOL_685,0.11167564
MOL_686,0.11470629
MOL_687,0.15256616
MOL_688,0.10887557
MOL_689,0.13225342
MOL_690,0.09824838
MOL_691,0.10960016
MOL_692,0.12605256
MOL_693,0.10100294
MOL_694,0.11906586
MOL_695,0.10429774
MOL_696,0.13036527
MOL_697,0.11390834
MOL_698,0.11254309
MOL_699,0.14636481
MOL_700,0.13366164
MOL_701,0.09495942
MOL_702,0.10637645
MOL_703,0.11805725
MOL_704,0.14055660
MOL_705,0.11478179
MOL_706,0.13462529
MOL_707,0.13922434
MOL_708,0.11871644
MOL_709,0.13131635
MOL_710,0.10048608
MOL_711,0.13452817
MOL_712,0.13679366
MOL_713,0.11141600
MOL_714,0.12033708
MOL_715,0.08603139
MOL_716,0.12056167
MOL_717,0.13203733
MOL_718,0.10642438
MOL_719,0.13247456
MOL_720,0.10632321
MOL_721,0.14838086
MOL_722,0.11144151
MOL_723,0.09669336
MOL_724,0.13054572
MOL_725,0.11915013
MOL_726,0.11872727
MOL_727,0.09942353
MOL_728,0.12598684
MOL_729,0.12626144
MOL_730,0.13289675
MOL_731,0.12605946
MOL_732,0.11772140
MOL_733,0.13670459
MOL_734,0.10523967
MOL_735,0.12617366
MOL_736,0.12205270
MOL_737,0.11754242
MOL_738,0.11465821
MOL_739,0.10644197
MOL_740,0.11097547
MOL_741,0.13342385
MOL_742,0.14612572
MOL_743,0.10990098
MOL_744,0.13229488
MOL_745,0.12589940
MOL_746,0.11703242
MOL_747,0.11184373
MOL_748,0.11444233
MOL_749,0.14480098
MOL_750,0.13079725
MOL_751,0.11052241
MOL_752,0.09802951
MOL_753,0.10282014
MOL_754,0.13317461
MOL_755,0.12431782
MOL_756,0.10532697
MOL_757,0.11698989
MOL_758,0.11819775
MOL_759,0.09573074
MOL_760,0.12558119
MOL_761,0.13750997
MOL_762,0.10164857
MOL_763,0.12845419
MOL_764,0.15130167
MOL_765,0.12685110
MOL_766,0.12929650
MOL_767,0.11741573
MOL_768,0.10340970
MOL_769,0.13829392
MOL_770,0.11240207
MOL_771,0.14388756
MOL_772,0.12717403
MOL_773,0.12630929
MOL_774,0.13588759
MOL_775,0.11396337
MOL_776,0.12173867
MOL_777,0.12601203
MOL_778,0.12615603
MOL_779,0.09838345
MOL_780,0.10027248
MOL_781,0.13610402
MOL_782,0.11299078
MOL_783,0.09211321
MOL_784,0.13921307
MOL_785,0.10220951
MOL_786,0.13505261
MOL_787,0.12027430
MOL_788,0.12320337
MOL_789,0.11710156
MOL_790,0.12609507
MOL_791,0.14548817
MOL_792,0.12388965
MOL_793,0.12135525
MOL_794,0.12254106
MOL_795,0.11254022
MOL_796,0.15278986
MOL_797,0.12610398
MOL_798,0.11056894
MOL_799,0.10621600
MOL_800,0.13063174
MOL_801,0.09710481
MOL_802,0.13126710
MOL_803,0.12080438
MOL_804,0.12086362
MOL_805,0.13560046
MOL_806,0.13962735
MOL_807,0.13701651
MOL_808,0.11722995
MOL_809,0.13533454
MOL_810,0.10690530
MOL_811,0.11870154
MOL_812,0.13706833
MOL_813,0.12801583
MOL_814,0.12101173
MOL_815,0.11392439
MOL_816,0.13823560
MOL_817,0.11831895
MOL_818,0.10861069
MOL_819,0.12635036
MOL_820,0.14776796
MOL_821,0.13194403
MOL_822,0.13395037
MOL_823,0.12018255
MOL_824,0.08098374
MOL_825,0.11236241
MOL_826,0.11270895
MOL_827,0.10620324
MOL_828,0.11541358
MOL_829,0.13391373
MOL_830,0.11381769
MOL_831,0.08611068
MOL_832,0.10283984
MOL_833,0.14400247
MOL_834,0.14368206
MOL_835,0.12168956
MOL_836,0.12083993
MOL_837,0.11153725
MOL_838,0.11811034
MOL_839,0.09849136
MOL_840,0.12125263
MOL_841,0.12366051
MOL_842,0.11706147
MOL_843,0.10636804
MOL_844,0.11845415
MOL_845,0.14132686
MOL_846,0.12275612
MOL_847,0.13795367
MOL_848,0.13555238
MOL_849,0.12304016
MOL_850,0.12689117
MOL_851,0.12111634
MOL_852,0.09191544
MOL_853,0.13750783
MOL_854,0.09793316
MOL_855,0.10082614
MOL_856,0.12996705
MOL_857,0.14585198
MOL_858,0.11737726
MOL_859,0.15461566
MOL_860,0.13297895
MOL_861,0.12335193
MOL_862,0.13440819
MOL_863,0.11405769
MOL_864,0.11326295
MOL_865,0.13455626
MOL_866,0.14093685
MOL_867,0.12920102
MOL_868,0.13389219
MOL_869,0.11751120
MOL_870,0.13115442
MOL_871,0.13285848
MOL_872,0.13817067
MOL_873,0.11147623
MOL_874,0.13195422
MOL_875,0.10137907
MOL_876,0.13868093
MOL_877,0.14266852
MOL_878,0.12981822
MOL_879,0.12220365
MOL_880,0.11839652
MOL_881,0.15532160
MOL_882,0.12138402
MOL_883,0.11836541
MOL_884,0.12387136
MOL_885,0.12747639
MOL_886,0.13540933
MOL_887,0.12628950
MOL_888,0.11157793
MOL_889,0.10080183
MOL_890,0.11081272
MOL_891,0.12716731
MOL_892,0.10923737
MOL_893,0.12035100
MOL_894,0.12898991
MOL_895,0.13937303
MOL_896,0.13418032
MOL_897,0.11211716
MOL_898,0.13120088
MOL_899,0.10786205
MOL_900,0.11732183
MOL_901,0.10263427
MOL_902,0.09720772
MOL_903,0.14651029
MOL_904,0.14511783
MOL_905,0.11664893
MOL_906,0.10151233
MOL_907,0.14688379
MOL_908,0.11323998
MOL_909,0.12512977
MOL_910,0.13002898
MOL_911,0.14354266
MOL_912,0.13100821
MOL_913,0.10979564
MOL_914,0.11426732
MOL_915,0.11222430
MOL_916,0.12280598
MOL_917,0.11876088
MOL_918,0.10656282
MOL_919,0.11437295
MOL_920,0.12640895
MOL_921,0.09699909
MOL_922,0.11430842
MOL_923,0.13531569
MOL_924,0.13505372
MOL_925,0.13351871
MOL_926,0.11086415
MOL_927,0.13813370
MOL_928,0.11169420
MOL_929,0.12131136
MOL_930,0.14983521
MOL_931,0.11989398
MOL_932,0.10770210
MOL_933,0.12830326
MOL_934,0.11636272
MOL_935,0.09961621
MOL_936,0.11980449
MOL_937,0.11477538
MOL_938,0.12732470
MOL_939,0.14039820
MOL_940,0.13466312
MOL_941,0.13526708
MOL_942,0.08910055
MOL_943,0.14564636
MOL_944,0.13415402
MOL_945,0.15375462
MOL_946,0.11378767
MOL_947,0.10805508
MOL_948,0.12315191
MOL_949,0.13123609
MOL_950,0.12761353
MOL_951,0.14568335
MOL_952,0.12631333
MOL_953,0.10453984
MOL_954,0.14579548
MOL_955,0.12047061
MOL_956,0.13152058
MOL_957,0.14946674
MOL_958,0.11473201
MOL_959,0.12351283
MOL_960,0.12720686
MOL_961,0.12754077
MOL_962,0.12652479
MOL_963,0.12447824
MOL_964,0.11083836
MOL_965,0.12376858
MOL_966,0.10634795
MOL_967,0.13120939
MOL_968,0.09208322
MOL_969,0.10328250
MOL_970,0.11233487
MOL_971,0.12766187
MOL_972,0.06475414
MOL_973,0.11161460
MOL_974,0.12635200
MOL_975,0.13977772
MOL_976,0.11883651
MOL_977,0.10509820
MOL_978,0.11764403
MOL_979,0.12996061
MOL_980,0.12462410
MOL_981,0.11351598
MOL_982,0.12663016
MOL_983,0.14519490
MOL_984,0.10859668
MOL_985,0.13985258
MOL_986,0.14443755
MOL_987,0.11133193
MOL_988,0.11610264
MOL_989,0.11745656
MOL_990,0.13154697
MOL_991,0.11835378
MOL_992,0.12397619
MOL_993,0.08214718
MOL_994,0.12630461
MOL_995,0.12333471
MOL_996,0.07621621
MOL_997,0.12042876
MOL_998,0.10466621
MOL_999,0.11957153
MOL_1000,0.12640838
MOL_1001,0.12484629
MOL_1002,0.11323441
MOL_1003,0.10597901
MOL_1004,0.12020871
MOL_1005,0.14072967
MOL_1006,0.11814747
MOL_1007,0.14280094
MOL_1008,0.13220328
MOL_1009,0.10259894
MOL_1010,0.12480945
MOL_1011,0.16200058
MOL_1012,0.12355695
MOL_1013,0.14036104
MOL_1014,0.11384402
MOL_1015,0.09971482
MOL_1016,0.11148267
MOL_1017,0.14288628
MOL_1018,0.12769571
MOL_1019,0.10054426
MOL_1020,0.10581343
MOL_1021,0.11843016
MOL_1022,0.09344175
MOL_1023,0.13157992
MOL_1024,0.12140531
MOL_1025,0.12687749
MOL_1026,0.14229168
MOL_1027,0.06648772
MOL_1028,0.10200150
MOL_1029,0.13659596
MOL_1030,0.12153864
MOL_1031,0.11738259
MOL_1032,0.11696750
MOL_1033,0.08837336
MOL_1034,0.11916337
MOL_1035,0.12258814
MOL_1036,0.10510931
MOL_1037,0.12671217
MOL_1038,0.11140028
MOL_1039,0.10408202
MOL_1040,0.13271385
MOL_1041,0.10350648
MOL_1042,0.13313244
MOL_1043,0.10950953
MOL_1044,0.09720419
MOL_1045,0.10697681
MOL_1046,0.11759917
MOL_1047,0.12769468
MOL_1048,0.11082394
MOL_1049,0.13046135
MOL_1050,0.13490868
MOL_1051,0.13718887
MOL_1052,0.10891560
MOL_1053,0.12797865
MOL_1054,0.12676230
MOL_1055,0.13923098
MOL_1056,0.13798977
MOL_1057,0.10569020
MOL_1058,0.11880162
MOL_1059,0.11211293
MOL_1060,0.11743131
MOL_1061,0.09398922
MOL_1062,0.12203348
MOL_1063,0.12064735
MOL_1064,0.10935772
MOL_1065,0.13600090
MOL_1066,0.12759483
MOL_1067,0.13770491
MOL_1068,0.10744478
MOL_1069,0.11078324
MOL_1070,0.09953362
MOL_1071,0.13514900
MOL_1072,0.13564669
MOL_1073,0.12139906
MOL_1074,0.13039383
MOL_1075,0.12295596
MOL_1076,0.14266694
MOL_1077,0.11281895
MOL_1078,0.11375719
MOL_1079,0.11449174
MOL_1080,0.11381262
MOL_1081,0.12521999
MOL_1082,0.11855271
MOL_1083,0.13443226
MOL_1084,0.12539169
MOL_1085,0.09615445
MOL_1086,0.11053215
MOL_1087,0.12472246
MOL_1088,0.13530153
MOL_1089,0.12017737
MOL_1090,0.11726952
MOL_1091,0.12636063
MOL_1092,0.14283051
MOL_1093,0.12936665
MOL_1094,0.11806434
MOL_1095,0.12547173
MOL_1096,0.13801245
MOL_1097,0.13299946
MOL_1098,0.12398595
MOL_1099,0.12994207
MOL_1100,0.12715352
MOL_1101,0.12699977
MOL_1102,0.12480418
MOL_1103,0.13300367
MOL_1104,0.13363957
MOL_1105,0.11388420
MOL_1106,0.11454665
MOL_1107,0.10399874
MOL_1108,0.13681632
MOL_1109,0.12257060
MOL_1110,0.13126066
MOL_1111,0.09393962
MOL_1112,0.12598717
MOL_1113,0.13189748
MOL_1114,0.10404276
MOL_1115,0.09780936
MOL_1116,0.12673409
MOL_1117,0.12885053
MOL_1118,0.12349596
MOL_1119,0.13332115
MOL_1120,0.14849621
MOL_1121,0.13024954
MOL_1122,0.12373176
MOL_1123,0.11929289
MOL_1124,0.11939009
MOL_1125,0.14313227
MOL_1126,0.12486499
MOL_1127,0.13881786
MOL_1128,0.10692013
MOL_1129,0.08433674
MOL_1130,0.10622024
MOL_1131,0.12660871
MOL_1132,0.10210191
MOL_1133,0.11680514
MOL_1134,0.11531065
MOL_1135,0.12548816
MOL_1136,0.10406634
MOL_1137,0.14781494
MOL_1138,0.10411868
MOL_1139,0.12493393
MOL_1140,0.12138110
MOL_1141,0.13663344
MOL_1142,0.11448380
MOL_1143,0.12624578
MOL_1144,0.12013182
MOL_1145,0.13714898
MOL_1146,0.12200072
MOL_1147,0.11400604
MOL_1148,0.13386087
MOL_1149,0.11413293
MOL_1150,0.12227032
MOL_1151,0.10946658
MOL_1152,0.13440314
MOL_1153,0.12410646
MOL_1154,0.13308057
MOL_1155,0.12690164
MOL_1156,0.13686283
MOL_1157,0.11682399
MOL_1158,0.12720884
MOL_1159,0.12192173
MOL_1160,0.12632382
MOL_1161,0.11733559
MOL_1162,0.11291840
MOL_1163,0.12053883
MOL_1164,0.11580467
MOL_1165,0.10689431
MOL_1166,0.12306375
MOL_1167,0.14255603
MOL_1168,0.09989747
MOL_1169,0.12217399
MOL_1170,0.13907444
MOL_1171,0.10293853
MOL_1172,0.11927628
MOL_1173,0.12698554
MOL_1174,0.13637446
MOL_1175,0.10606325
MOL_1176,0.12579705
MOL_1177,0.12141329
MOL_1178,0.12000571
MOL_1179,0.09934096
MOL_1180,0.11606464
MOL_1181,0.13912886
MOL_1182,0.13106914
MOL_1183,0.13826589
MOL_1184,0.12365147
MOL_1185,0.11183941
MOL_1186,0.13498113
MOL_1187,0.09818685
MOL_1188,0.09186140
MOL_1189,0.10770087
MOL_1190,0.11261787
MOL_1191,0.12472564
MOL_1192,0.12432875
MOL_1193,0.11072567
MOL_1194,0.09263822
MOL_1195,0.11693700
MOL_1196,0.12188373
MOL_1197,0.12675478
MOL_1198,0.12232561
MOL_1199,0.11994644
MOL_1200,0.11330356
MOL_1201,0.10995783
MOL_1202,0.12343600
MOL_1203,0.13011868
MOL_1204,0.14169204
MOL_1205,0.11852680
MOL_1206,0.12714158
MOL_1207,0.13759382
MOL_1208,0.11041249
MOL_1209,0.11920608
MOL_1210,0.13657700
MOL_1211,0.12571391
MOL_1212,0.11229326
MOL_1213,0.11328021
MOL_1214,0.14171003
MOL_1215,0.13242973
MOL_1216,0.13666807
MOL_1217,0.13029759
MOL_1218,0.12371658
MOL_1219,0.12173451
MOL_1220,0.12038293
MOL_1221,0.13844275
MOL_1222,0.10949688
MOL_1223,0.11550936
MOL_1224,0.12230857
MOL_1225,0.12630907
MOL_1226,0.12684788
MOL_1227,0.09269550
MOL_1228,0.15406236
MOL_1229,0.10197746
MOL_1230,0.12322888
MOL_1231,0.12894033
MOL_1232,0.08738840
MOL_1233,0.12087752
MOL_1234,0.12913115
MOL_1235,0.13837455
MOL_1236,0.11788502
MOL_1237,0.10547695
MOL_1238,0.13058999
MOL_1239,0.12491938
MOL_1240,0.13006775
MOL_1241,0.13506886
MOL_1242,0.12182243
MOL_1243,0.11027794
MOL_1244,0.12532783
MOL_1245,0.13664576
MOL_1246,0.10632556
MOL_1247,0.12197611
MOL_1248,0.13203865
MOL_1249,0.10629682
MOL_1250,0.12065187
MOL_1251,0.14192741
MOL_1252,0.13997187
MOL_1253,0.11554188
MOL_1254,0.10101294
MOL_1255,0.11544249
MOL_1256,0.10983927
MOL_1257,0.11675616
MOL_1258,0.13756533
MOL_1259,0.12405085
MOL_1260,0.14759618
MOL_1261,0.11297008
MOL_1262,0.14722820
MOL_1263,0.13362290
MOL_1264,0.10752402
MOL_1265,0.10167829
MOL_1266,0.10902938
MOL_1267,0.10007861
MOL_1268,0.09511730
MOL_1269,0.13358739
MOL_1270,0.13870044
MOL_1271,0.13756329
MOL_1272,0.12638839
MOL_1273,0.11791591
MOL_1274,0.11638858
MOL_1275,0.11009214
MOL_1276,0.11553240
MOL_1277,0.12491159
MOL_1278,0.12481380
MOL_1279,0.08215372
MOL_1280,0.07442164
MOL_1281,0.09647624
MOL_1282,0.13042054
MOL_1283,0.13081533
MOL_1284,0.11987404
MOL_1285,0.09817393
MOL_1286,0.12231176
MOL_1287,0.09862288
MOL_1288,0.12437151
MOL_1289,0.11113996
MOL_1290,0.10078598
MOL_1291,0.11668900
MOL_1292,0.14372613
MOL_1293,0.12769091
MOL_1294,0.11106580
MOL_1295,0.10698188
MOL_1296,0.13837168
MOL_1297,0.12155139
MOL_1298,0.10232966
MOL_1299,0.13131706
MOL_1300,0.13386694
MOL_1301,0.12067960
MOL_1302,0.13904148
MOL_1303,0.14102234
MOL_1304,0.08746212
MOL_1305,0.11004478
MOL_1306,0.13862720
MOL_1307,0.13431677
MOL_1308,0.12282622
MOL_1309,0.12680328
MOL_1310,0.12480325
MOL_1311,0.12194829
MOL_1312,0.09799492
MOL_1313,0.12953065
MOL_1314,0.12675719
MOL_1315,0.12810132
MOL_1316,0.10221329
MOL_1317,0.13379881
MOL_1318,0.13083468
MOL_1319,0.12550883
MOL_1320,0.12694456
MOL_1321,0.14208442
MOL_1322,0.13830489
MOL_1323,0.09780516
MOL_1324,0.13077112
MOL_1325,0.12380273
MOL_1326,0.11110239
MOL_1327,0.11250749
MOL_1328,0.11595606
MOL_1329,0.10370034
MOL_1330,0.14478928
MOL_1331,0.12819904
MOL_1332,0.12025655
MOL_1333,0.12556575
MOL_1334,0.10413714
MOL_1335,0.11980069
MOL_1336,0.14222227
MOL_1337,0.12694471
MOL_1338,0.10910963
MOL_1339,0.10732009
MOL_1340,0.11398477
MOL_1341,0.10170975
MOL_1342,0.12847431
MOL_1343,0.12914120
MOL_1344,0.13827461
MOL_1345,0.14409907
MOL_1346,0.11811741
MOL_1347,0.11277000
MOL_1348,0.10270736
MOL_1349,0.11468732
MOL_1350,0.13926321
MOL_1351,0.10424709
MOL_1352,0.09649819
MOL_1353,0.09931493
MOL_1354,0.11131649
MOL_1355,0.14056921
MOL_1356,0.11588210
MOL_1357,0.12784635
MOL_1358,0.12618172
MOL_1359,0.11429178
MOL_1360,0.13377240
MOL_1361,0.08227457
MOL_1362,0.09410754
MOL_1363,0.14019197
MOL_1364,0.11808229
MOL_1365,0.14201656
MOL_1366,0.10073583
MOL_1367,0.11839255
MOL_1368,0.14694871
MOL_1369,0.09981466
MOL_1370,0.12191106
MOL_1371,0.11938372
MOL_1372,0.12938552
MOL_1373,0.12690583
MOL_1374,0.12812679
MOL_1375,0.10111144
MOL_1376,0.11849438
MOL_1377,0.08601944
MOL_1378,0.13900894
MOL_1379,0.12218224
MOL_1380,0.11741187
MOL_1381,0.12986220
MOL_1382,0.14280936
MOL_1383,0.14329375
MOL_1384,0.12237327
MOL_1385,0.12927355
MOL_1386,0.11472259
MOL_1387,0.11161722
MOL_1388,0.14975314
MOL_1389,0.10546377
MOL_1390,0.13401753
MOL_1391,0.11769541
MOL_1392,0.13843518
MOL_1393,0.13230166
MOL_1394,0.11179125
MOL_1395,0.13107692
MOL_1396,0.11201631
MOL_1397,0.13296847
MOL_1398,0.12000714
MOL_1399,0.13286290
MOL_1400,0.12464001
MOL_1401,0.12271027
MOL_1402,0.12967077
MOL_1403,0.11006258
MOL_1404,0.13616385
MOL_1405,0.10630429
MOL_1406,0.12695214
MOL_1407,0.12116426
MOL_1408,0.14229570
MOL_1409,0.13665320
MOL_1410,0.10892314
MOL_1411,0.14124678
MOL_1412,0.10347001
MOL_1413,0.12283358
MOL_1414,0.13103992
MOL_1415,0.10687848
MOL_1416,0.10762197
MOL_1417,0.12804368
MOL_1418,0.10141860
MOL_1419,0.12078967
MOL_1420,0.13808286
MOL_1421,0.12691060
MOL_1422,0.10000625
MOL_1423,0.13362688
MOL_1424,0.12356472
MOL_1425,0.14016426
MOL_1426,0.11316380
MOL_1427,0.12669200
MOL_1428,0.11660504
MOL_1429,0.11295725
MOL_1430,0.09709097
MOL_1431,0.11566957
MOL_1432,0.12076544
MOL_1433,0.12240012
MOL_1434,0.10757733
MOL_1435,0.11759831
MOL_1436,0.13363642
MOL_1437,0.13497172
MOL_1438,0.14813337
MOL_1439,0.10788260
MOL_1440,0.11741918
MOL_1441,0.13502650
MOL_1442,0.12333870
MOL_1443,0.12025734
MOL_1444,0.12770891
MOL_1445,0.10203986
MOL_1446,0.12307180
MOL_1447,0.11257333
MOL_1448,0.10447566
MOL_1449,0.12094669
MOL_1450,0.13372664
MOL_1451,0.12448738
MOL_1452,0.10195208
MOL_1453,0.13428138
MOL_1454,0.10776960
MOL_1455,0.12941816
MOL_1456,0.09762584
MOL_1457,0.11130491
MOL_1458,0.12216992
MOL_1459,0.10739476
MOL_1460,0.11608227
MOL_1461,0.12025479
MOL_1462,0.13050343
MOL_1463,0.10367379
MOL_1464,0.13213462
MOL_1465,0.12043482
MOL_1466,0.11942960
MOL_1467,0.14365920
MOL_1468,0.12360657
MOL_1469,0.13173717
MOL_1470,0.14500019
MOL_1471,0.11940385
MOL_1472,0.11190455
MOL_1473,0.12603202
MOL_1474,0.13611701
MOL_1475,0.12832296
MOL_1476,0.11683158
MOL_1477,0.10531881
MOL_1478,0.13866158
MOL_1479,0.10373504
MOL_1480,0.11474399
MOL_1481,0.08957653
MOL_1482,0.10566221
MOL_1483,0.11739264
MOL_1484,0.12452835
MOL_1485,0.14211455
MOL_1486,0.13506679
MOL_1487,0.08929544
MOL_1488,0.13525297
MOL_1489,0.12116249
MOL_1490,0.08741340
MOL_1491,0.13918719
MOL_1492,0.13920683
MOL_1493,0.11278930
MOL_1494,0.11573811
MOL_1495,0.13446996
MOL_1496,0.15487526
MOL_1497,0.13643388
MOL_1498,0.12098890
MOL_1499,0.13715307
MOL_1500,0.12340360
MOL_1501,0.14274313
MOL_1502,0.13749589
MOL_1503,0.13630871
MOL_1504,0.12374657
MOL_1505,0.10909890
MOL_1506,0.10018953
MOL_1507,0.09600352
MOL_1508,0.06562568
MOL_1509,0.12698287
MOL_1510,0.12389883
MOL_1511,0.14278147
MOL_1512,0.12077124
MOL_1513,0.11752593
MOL_1514,0.12863290
MOL_1515,0.09906026
MOL_1516,0.12489714
MOL_1517,0.08933110
MOL_1518,0.10926105
MOL_1519,0.14639038
MOL_1520,0.08857694
MOL_1521,0.13690549
MOL_1522,0.14709117
MOL_1523,0.09698640
MOL_1524,0.13017668
MOL_1525,0.12158759
MOL_1526,0.13523294
MOL_1527,0.11178814
MOL_1528,0.10529328
MOL_1529,0.10806297
MOL_1530,0.13083008
MOL_1531,0.11915253
MOL_1532,0.11990377
MOL_1533,0.12258935
MOL_1534,0.11969417
MOL_1535,0.12634724
MOL_1536,0.10660379
MOL_1537,0.10089090
MOL_1538,0.13636789
MOL_1539,0.11885813
MOL_1540,0.12128016
MOL_1541,0.11171889
MOL_1542,0.13448317
MOL_1543,0.11160894
MOL_1544,0.10771511
MOL_1545,0.11378738
MOL_1546,0.11443538
MOL_1547,0.10585789
MOL_1548,0.11746799
MOL_1549,0.14554119
MOL_1550,0.10514949
MOL_1551,0.11317977
MOL_1552,0.12161341
MOL_1553,0.13653390
MOL_1554,0.11031012
MOL_1555,0.12433620
MOL_1556,0.11279650
MOL_1557,0.13192722
MOL_1558,0.09594543
MOL_1559,0.14604534
MOL_1560,0.11802829
MOL_1561,0.12393443
MOL_1562,0.11501136
MOL_1563,0.12102843
MOL_1564,0.08264664
MOL_1565,0.13091017
MOL_1566,0.12946291
MOL_1567,0.12736559
MOL_1568,0.14320184
MOL_1569,0.13192387
MOL_1570,0.13877031
MOL_1571,0.10280456
MOL_1572,0.10145761
MOL_1573,0.13000040
MOL_1574,0.11089142
MOL_1575,0.10799084
MOL_1576,0.11203015
MOL_1577,0.12160014
MOL_1578,0.13892239
MOL_1579,0.13074091
MOL_1580,0.12531704
MOL_1581,0.10043017
MOL_1582,0.12528808
MOL_1583,0.12139686
MOL_1584,0.13484026
MOL_1585,0.13056664
MOL_1586,0.11843372
MOL_1587,0.11209159
MOL_1588,0.11097494
MOL_1589,0.13652432
MOL_1590,0.12094998
MOL_1591,0.13580266
MOL_1592,0.12202074
MOL_1593,0.11349304
MOL_1594,0.12217779
MOL_1595,0.11833880
MOL_1596,0.11999752
MOL_1597,0.11760862
MOL_1598,0.14713874
MOL_1599,0.14034301
MOL_1600,0.12446316
MOL_1601,0.12495713
MOL_1602,0.12299214
MOL_1603,0.11353341
MOL_1604,0.10344014
MOL_1605,0.11095370
MOL_1606,0.13147400
MOL_1607,0.11908190
MOL_1608,0.11143263
MOL_1609,0.10262509
MOL_1610,0.13134757
MOL_1611,0.12192916
MOL_1612,0.09358126
MOL_1613,0.11795846
MOL_1614,0.11807647
MOL_1615,0.11600294
MOL_1616,0.10598877
MOL_1617,0.13535282
MOL_1618,0.13794240
MOL_1619,0.14056171
MOL_1620,0.14493647
MOL_1621,0.10861954
MOL_1622,0.13025138
MOL_1623,0.11100414
MOL_1624,0.12228410
MOL_1625,0.13873066
MOL_1626,0.10041157
MOL_1627,0.12337373
MOL_1628,0.12510349
MOL_1629,0.11919782
MOL_1630,0.10027219
MOL_1631,0.11587165
MOL_1632,0.14208265
MOL_1633,0.14044762
MOL_1634,0.11324739
MOL_1635,0.11116158
MOL_1636,0.11552735
MOL_1637,0.13637567
MOL_1638,0.12199181
MOL_1639,0.12761542
MOL_1640,0.10561044
MOL_1641,0.12670174
MOL_1642,0.13254979
MOL_1643,0.11323938
MOL_1644,0.11124432
MOL_1645,0.13437137
MOL_1646,0.13439122
MOL_1647,0.11504206
MOL_1648,0.11732706
MOL_1649,0.10656176
MOL_1650,0.10589199
MOL_1651,0.13631779
MOL_1652,0.13711514
MOL_1653,0.11331730
MOL_1654,0.11326195
MOL_1655,0.11896326
MOL_1656,0.13654460
MOL_1657,0.14580536
MOL_1658,0.09504724
MOL_1659,0.10480215
MOL_1660,0.12812699
MOL_1661,0.12956505
MOL_1662,0.11106142
MOL_1663,0.10195849
MOL_1664,0.13863268
MOL_1665,0.14896841
MOL_1666,0.11905197
MOL_1667,0.12198018
MOL_1668,0.13445935
MOL_1669,0.11499821
MOL_1670,0.13003187
MOL_1671,0.13419107
MOL_1672,0.10129604
MOL_1673,0.11933034
MOL_1674,0.12439298
MOL_1675,0.13428532
MOL_1676,0.12504578
MOL_1677,0.11082050
MOL_1678,0.09719750
MOL_1679,0.15161870
MOL_1680,0.12457307
MOL_1681,0.11607280
MOL_1682,0.12938058
MOL_1683,0.11186364
MOL_1684,0.12715149
MOL_1685,0.11706816
MOL_1686,0.13975118
MOL_1687,0.11823557
MOL_1688,0.13110454
MOL_1689,0.13672052
MOL_1690,0.12755930
MOL_1691,0.12904243
MOL_1692,0.12561950
MOL_1693,0.10825593
MOL_1694,0.13188481
MOL_1695,0.13702512
MOL_1696,0.14331195
MOL_1697,0.11981149
MOL_1698,0.09605584
MOL_1699,0.10495673
MOL_1700,0.12950046
MOL_1701,0.12882712
MOL_1702,0.10404289
MOL_1703,0.11059313
MOL_1704,0.13533856
MOL_1705,0.13795467
MOL_1706,0.12890114
MOL_1707,0.11459477
MOL_1708,0.12485562
MOL_1709,0.13806151
MOL_1710,0.11093690
MOL_1711,0.11259374
MOL_1712,0.08497018
MOL_1713,0.11928075
MOL_1714,0.11939289
MOL_1715,0.11554246
MOL_1716,0.11821779
MOL_1717,0.11566535
MOL_1718,0.12715952
MOL_1719,0.10794113
MOL_1720,0.09940822
MOL_1721,0.13275290
MOL_1722,0.12538902
MOL_1723,0.10693483
MOL_1724,0.11124861
MOL_1725,0.14269659
MOL_1726,0.13381685
MOL_1727,0.13840891
MOL_1728,0.11721255
MOL_1729,0.13943063
MOL_1730,0.11739671
MOL_1731,0.10896415
MOL_1732,0.12098845
MOL_1733,0.10357068
MOL_1734,0.09869901
MOL_1735,0.08008200
MOL_1736,0.10802829
MOL_1737,0.12656489
MOL_1738,0.11194322
MOL_1739,0.12037829
MOL_1740,0.11446856
MOL_1741,0.12654360
MOL_1742,0.08864521
MOL_1743,0.12672158
MOL_1744,0.12127365
MOL_1745,0.08904491
MOL_1746,0.10373070
MOL_1747,0.13316460
MOL_1748,0.11669275
MOL_1749,0.11016589
MOL_1750,0.13662905
MOL_1751,0.11042327
MOL_1752,0.12818018
MOL_1753,0.12863411
MOL_1754,0.13377470
MOL_1755,0.12854044
MOL_1756,0.13929631
MOL_1757,0.10830317
MOL_1758,0.11227847
MOL_1759,0.12784150
MOL_1760,0.12450034
MOL_1761,0.11450531
MOL_1762,0.13851452
MOL_1763,0.13609871
MOL_1764,0.13008501
MOL_1765,0.13237733
MOL_1766,0.12836142
MOL_1767,0.11038293
MOL_1768,0.13103417
MOL_1769,0.11745736
MOL_1770,0.10224177
MOL_1771,0.14766663
MOL_1772,0.14078794
MOL_1773,0.14619012
MOL_1774,0.10030787
MOL_1775,0.11096499
MOL_1776,0.11050276
MOL_1777,0.13522919
MOL_1778,0.10140051
MOL_1779,0.14266145
MOL_1780,0.13841546
MOL_1781,0.10619791
MOL_1782,0.12070417
MOL_1783,0.12508705
MOL_1784,0.12507658
MOL_1785,0.12205701
MOL_1786,0.12461382
MOL_1787,0.10948825
MOL_1788,0.13359168
MOL_1789,0.12285761
MOL_1790,0.13442804
MOL_1791,0.10596614
MOL_1792,0.14309624
MOL_1793,0.11285471
MOL_1794,0.11439922
MOL_1795,0.11588727
MOL_1796,0.13712923
MOL_1797,0.12816033
MOL_1798,0.13281435
MOL_1799,0.13349806
MOL_1800,0.11952676
MOL_1801,0.11202522
MOL_1802,0.09913483
MOL_1803,0.13799745
MOL_1804,0.12667456
MOL_1805,0.12100445
MOL_1806,0.13815808
MOL_1807,0.12178497
MOL_1808,0.12168363
MOL_1809,0.11951116
MOL_1810,0.15609728
MOL_1811,0.12543674
MOL_1812,0.12279774
MOL_1813,0.12580238
MOL_1814,0.10332818
MOL_1815,0.10797982
MOL_1816,0.13202325
MOL_1817,0.10385745
MOL_1818,0.12580052
MOL_1819,0.11632033
MOL_1820,0.12206323
MOL_1821,0.09302729
MOL_1822,0.10419044
MOL_1823,0.12879889
MOL_1824,0.12207646
MOL_1825,0.08531728
MOL_1826,0.14176701
MOL_1827,0.11475772
MOL_1828,0.13672577
MOL_1829,0.13597631
MOL_1830,0.12199250
MOL_1831,0.13799489
MOL_1832,0.09714695
MOL_1833,0.09145669
MOL_1834,0.11332844
MOL_1835,0.11389511
MOL_1836,0.12451156
MOL_1837,0.13596158
MOL_1838,0.13640603
MOL_1839,0.10654823
MOL_1840,0.09900500
MOL_1841,0.15782905
MOL_1842,0.14554402
MOL_1843,0.09796848
MOL_1844,0.13961282
MOL_1845,0.12688211
MOL_1846,0.10870013
MOL_1847,0.11309182
MOL_1848,0.11745633
MOL_1849,0.14041169
MOL_1850,0.12643939
MOL_1851,0.11818944
MOL_1852,0.13016149
MOL_1853,0.13151444
MOL_1854,0.13564670
MOL_1855,0.14348753
MOL_1856,0.10877416
MOL_1857,0.08546109
MOL_1858,0.12340765
MOL_1859,0.15291759
MOL_1860,0.11420205
MOL_1861,0.13233078
MOL_1862,0.12212104
MOL_1863,0.12838149
MOL_1864,0.10603726
MOL_1865,0.12194850
MOL_1866,0.11588961
MOL_1867,0.12869217
MOL_1868,0.12149925
MOL_1869,0.14916316
MOL_1870,0.11631565
MOL_1871,0.11803139
MOL_1872,0.10603592
MOL_1873,0.12660827
MOL_1874,0.15072787
MOL_1875,0.14029868
MOL_1876,0.11101291
MOL_1877,0.12466973
MOL_1878,0.11737537
MOL_1879,0.13424797
MOL_1880,0.13953744
MOL_1881,0.12990806
MOL_1882,0.13204016
MOL_1883,0.15274103
MOL_1884,0.12125106
MOL_1885,0.10793671
MOL_1886,0.10424410
MOL_1887,0.11072964
MOL_1888,0.12123100
MOL_1889,0.11658525
MOL_1890,0.13118316
MOL_1891,0.10751387
MOL_1892,0.10225748
MOL_1893,0.10819305
MOL_1894,0.13901350
MOL_1895,0.10889555
MOL_1896,0.13336283
MOL_1897,0.12154491
MOL_1898,0.13500416
MOL_1899,0.14007376
MOL_1900,0.12361880
MOL_1901,0.10494644
MOL_1902,0.10633063
MOL_1903,0.11523417
MOL_1904,0.14279161
MOL_1905,0.12611490
MOL_1906,0.13785818
MOL_1907,0.12305031
MOL_1908,0.12922560
MOL_1909,0.12990154
MOL_1910,0.13827613
MOL_1911,0.09489464
MOL_1912,0.10748935
MOL_1913,0.12106107
MOL_1914,0.13175571
MOL_1915,0.14599501
MOL_1916,0.10721282
MOL_1917,0.10619052
MOL_1918,0.13721617
MOL_1919,0.11177415
MOL_1920,0.10533915
MOL_1921,0.14792570
MOL_1922,0.12652321
MOL_1923,0.11674394
MOL_1924,0.11586676
MOL_1925,0.13967906
MOL_1926,0.12242875
MOL_1927,0.13314828
MOL_1928,0.11405104
MOL_1929,0.12894386
MOL_1930,0.13441266
MOL_1931,0.13311480
MOL_1932,0.12831627
MOL_1933,0.11567014
MOL_1934,0.13073191
MOL_1935,0.11458947
MOL_1936,0.11560763
MOL_1937,0.12379303
MOL_1938,0.10200766
MOL_1939,0.12755248
MOL_1940,0.13227808
MOL_1941,0.10799727
MOL_1942,0.12894669
MOL_1943,0.10015280
MOL_1944,0.13553871
MOL_1945,0.13775039
MOL_1946,0.10944732
MOL_1947,0.13972202
MOL_1948,0.12903944
MOL_1949,0.12355530
MOL_1950,0.10964613
MOL_1951,0.10546245
MOL_1952,0.12431585
MOL_1953,0.12270131
MOL_1954,0.11720813
MOL_1955,0.12813850
MOL_1956,0.12095418
MOL_1957,0.09512430
MOL_1958,0.14739683
MOL_1959,0.10748217
MOL_1960,0.10518844
MOL_1961,0.13542922
MOL_1962,0.12774034
MOL_1963,0.12460071
MOL_1964,0.13638824
MOL_1965,0.15245308
MOL_1966,0.12226219
MOL_1967,0.12658888
MOL_1968,0.09337806
MOL_1969,0.11058234
MOL_1970,0.11343978
MOL_1971,0.12534408
MOL_1972,0.13072127
MOL_1973,0.11854855
MOL_1974,0.10752875
MOL_1975,0.13616756
MOL_1976,0.11440967
MOL_1977,0.14045313
MOL_1978,0.12335655
MOL_1979,0.11633209
MOL_1980,0.11307432
MOL_1981,0.12279090
MOL_1982,0.10684102
MOL_1983,0.13287012
MOL_1984,0.11642119
MOL_1985,0.10512706
MOL_1986,0.12273524
MOL_1987,0.11743695
MOL_1988,0.11001463
MOL_1989,0.10747685
MOL_1990,0.13639843
MOL_1991,0.11257666
MOL_1992,0.12439876
MOL_1993,0.08842999
MOL_1994,0.13519439
MOL_1995,0.11757659
MOL_1996,0.12545255
MOL_1997,0.11963078
MOL_1998,0.12140740
MOL_1999,0.13731976
MOL_2000,0.12536004
MOL_2001,0.10376062
MOL_2002,0.11204606
MOL_2003,0.10555779
MOL_2004,0.12637547
MOL_2005,0.12986375
MOL_2006,0.10699178
MOL_2007,0.12391955
MOL_2008,0.10653801
MOL_2009,0.11887420
MOL_2010,0.13150866
MOL_2011,0.14864844
MOL_2012,0.12091798
MOL_2013,0.15424709
MOL_2014,0.10642175
MOL_2015,0.09706178
MOL_2016,0.14020504
MOL_2017,0.11547013
MOL_2018,0.11878189
MOL_2019,0.12156054
MOL_2020,0.14860395
MOL_2021,0.12067177
MOL_2022,0.12136969
MOL_2023,0.10648633
MOL_2024,0.13412960
MOL_2025,0.13265395
MOL_2026,0.11742041
MOL_2027,0.10720317
MOL_2028,0.15759708
MOL_2029,0.14407901
MOL_2030,0.13825577
MOL_2031,0.10627536
MOL_2032,0.10387076
MOL_2033,0.11858406
MOL_2034,0.13208966
MOL_2035,0.12336345
MOL_2036,0.13368867
MOL_2037,0.12005141
MOL_2038,0.09764686
MOL_2039,0.11291950
MOL_2040,0.08096551
MOL_2041,0.12220895
MOL_2042,0.11380782
MOL_2043,0.11819925
MOL_2044,0.12759367
MOL_2045,0.12789097
MOL_2046,0.11828356
MOL_2047,0.11370117
MOL_2048,0.13050571
MOL_2049,0.12966973
MOL_2050,0.09162543
MOL_2051,0.12141300
MOL_2052,0.11593705
MOL_2053,0.13783768
MOL_2054,0.12629765
MOL_2055,0.11118509
MOL_2056,0.13330567
MOL_2057,0.12214904
MOL_2058,0.11801005
MOL_2059,0.08154958
MOL_2060,0.13748792
MOL_2061,0.11285717
MOL_2062,0.13815923
MOL_2063,0.12861349
MOL_2064,0.13023429
MOL_2065,0.13607474
MOL_2066,0.12894715
MOL_2067,0.12515238
MOL_2068,0.11228746
MOL_2069,0.14065626
MOL_2070,0.13086613
MOL_2071,0.13694525
MOL_2072,0.12223627
MOL_2073,0.13748702
MOL_2074,0.12763192
MOL_2075,0.12175923
MOL_2076,0.10793524
MOL_2077,0.13325882
MOL_2078,0.12186264
MOL_2079,0.11630162
MOL_2080,0.10376260
MOL_2081,0.11245230
MOL_2082,0.14904737
MOL_2083,0.09104183
MOL_2084,0.10900737
MOL_2085,0.10220062
MOL_2086,0.12127095
MOL_2087,0.13352174
MOL_2088,0.12793951
MOL_2089,0.11598475
MOL_2090,0.12309752
MOL_2091,0.13816254
MOL_2092,0.07057648
MOL_2093,0.13060059
MOL_2094,0.11237375
MOL_2095,0.11235846
MOL_2096,0.09823559
MOL_2097,0.13302673
MOL_2098,0.11593489
MOL_2099,0.10831310
MOL_2100,0.10539660
MOL_2101,0.12016439
MOL_2102,0.13473447
MOL_2103,0.12728833
MOL_2104,0.12415809
MOL_2105,0.14576407
MOL_2106,0.12855119
MOL_2107,0.11012661
MOL_2108,0.11471146
MOL_2109,0.11893430
MOL_2110,0.13609427
MOL_2111,0.10736372
MOL_2112,0.10864875
MOL_2113,0.10138009
MOL_2114,0.12204333
MOL_2115,0.10223676
MOL_2116,0.11735304
MOL_2117,0.12879132
MOL_2118,0.12565409
MOL_2119,0.11185315
MOL_2120,0.12513708
MOL_2121,0.11389457
MOL_2122,0.12060811
MOL_2123,0.12347148
MOL_2124,0.13769086
MOL_2125,0.10040497
MOL_2126,0.12898141
MOL_2127,0.10392036
MOL_2128,0.12936853
MOL_2129,0.11176871
MOL_2130,0.11601162
MOL_2131,0.10563520
MOL_2132,0.10436720
MOL_2133,0.10086694
MOL_2134,0.12346283
MOL_2135,0.11770442
MOL_2136,0.13728769
MOL_2137,0.09723713
MOL_2138,0.10589436
MOL_2139,0.12769613
MOL_2140,0.13835277
MOL_2141,0.13763583
MOL_2142,0.12958384
MOL_2143,0.12835403
MOL_2144,0.10403916
MOL_2145,0.08368547
MOL_2146,0.11864140
MOL_2147,0.12340085
MOL_2148,0.15005751
MOL_2149,0.14132692
MOL_2150,0.12164097
MOL_2151,0.12437850
MOL_2152,0.10628474
MOL_2153,0.10528363
MOL_2154,0.12551199
MOL_2155,0.12278791
MOL_2156,0.12532604
MOL_2157,0.10769564
MOL_2158,0.10942727
MOL_2159,0.12496652
MOL_2160,0.12771761
MOL_2161,0.13769072
MOL_2162,0.12331134
MOL_2163,0.14075342
MOL_2164,0.13014922
MOL_2165,0.12131157
MOL_2166,0.14694086
MOL_2167,0.12841360
MOL_2168,0.13241655
MOL_2169,0.09930442
MOL_2170,0.11643544
MOL_2171,0.11538498
MOL_2172,0.12871230
MOL_2173,0.11136954
MOL_2174,0.09353752
MOL_2175,0.09705814
MOL_2176,0.10459074
MOL_2177,0.10177703
MOL_2178,0.12547669
MOL_2179,0.12744267
MOL_2180,0.13115115
MOL_2181,0.12279389
MOL_2182,0.11762882
MOL_2183,0.11993706
MOL_2184,0.10356963
MOL_2185,0.11988966
MOL_2186,0.09751128
MOL_2187,0.13612899
MOL_2188,0.11149140
MOL_2189,0.13842298
MOL_2190,0.13840929
MOL_2191,0.09933357
MOL_2192,0.13313654
MOL_2193,0.10327633
MOL_2194,0.16140898
MOL_2195,0.11713957
MOL_2196,0.13450859
MOL_2197,0.12199560
MOL_2198,0.12578356
MOL_2199,0.14258778
MOL_2200,0.10950615
MOL_2201,0.10614321
MOL_2202,0.10649700
MOL_2203,0.14099157
MOL_2204,0.12772501
MOL_2205,0.09887011
MOL_2206,0.10210352
MOL_2207,0.11078602
MOL_2208,0.11825161
MOL_2209,0.11782794
MOL_2210,0.13191350
MOL_2211,0.10289095
MOL_2212,0.11138568
MOL_2213,0.12407564
MOL_2214,0.12961860
MOL_2215,0.10318920
MOL_2216,0.11902205
MOL_2217,0.12925357
MOL_2218,0.13971718
MOL_2219,0.09985802
MOL_2220,0.11917148
MOL_2221,0.11074397
MOL_2222,0.13916361
MOL_2223,0.14730141
MOL_2224,0.12064774
MOL_2225,0.11711928
MOL_2226,0.10846625
MOL_2227,0.11278148
MOL_2228,0.11569700
MOL_2229,0.10683166
MOL_2230,0.12961906
MOL_2231,0.10683195
MOL_2232,0.12298423
MOL_2233,0.12027739
MOL_2234,0.12465673
MOL_2235,0.11359865
MOL_2236,0.12389182
MOL_2237,0.14872617
MOL_2238,0.11846704
MOL_2239,0.10711886
MOL_2240,0.14097030
MOL_2241,0.10320149
MOL_2242,0.11708670
MOL_2243,0.12430372
MOL_2244,0.12207021
MOL_2245,0.12575606
MOL_2246,0.15334812
MOL_2247,0.11803949
MOL_2248,0.10929681
MOL_2249,0.13216220
MOL_2250,0.15252186
MOL_2251,0.12202179
MOL_2252,0.13166517
MOL_2253,0.11924937
MOL_2254,0.14005327
MOL_2255,0.10293263
MOL_2256,0.11864620
MOL_2257,0.11352938
MOL_2258,0.13775006
MOL_2259,0.11968888
MOL_2260,0.11495567
MOL_2261,0.11959354
MOL_2262,0.11833423
MOL_2263,0.10907181
MOL_2264,0.11417770
MOL_2265,0.12297559
MOL_2266,0.11330411
MOL_2267,0.12574486
MOL_2268,0.11220531
MOL_2269,0.11580016
MOL_2270,0.12681821
MOL_2271,0.12404588
MOL_2272,0.12021330
MOL_2273,0.11653663
MOL_2274,0.13469520
MOL_2275,0.11096231
MOL_2276,0.14432919
MOL_2277,0.12651186
MOL_2278,0.10406546
MOL_2279,0.10636930
MOL_2280,0.12741549
MOL_2281,0.14722586
MOL_2282,0.12216333
MOL_2283,0.12294271
MOL_2284,0.10152221
MOL_2285,0.11796081
MOL_2286,0.11689687
MOL_2287,0.13075823
MOL_2288,0.13756686
MOL_2289,0.13534161
MOL_2290,0.12644660
MOL_2291,0.14752448
MOL_2292,0.11533267
MOL_2293,0.08413593
MOL_2294,0.11829945
MOL_2295,0.13645527
MOL_2296,0.11658307
MOL_2297,0.11251875
MOL_2298,0.08231872
MOL_2299,0.11623016
MOL_2300,0.14039059
MOL_2301,0.08864260
MOL_2302,0.12720418
MOL_2303,0.10255136
MOL_2304,0.10134394
MOL_2305,0.10802666
MOL_2306,0.13921443
MOL_2307,0.10954422
MOL_2308,0.12654074
MOL_2309,0.12334444
MOL_2310,0.12707014
MOL_2311,0.11928461
MOL_2312,0.11701290
MOL_2313,0.11477493
MOL_2314,0.12111259
MOL_2315,0.14537005
MOL_2316,0.09862348
MOL_2317,0.09077930
MOL_2318,0.14116161
MOL_2319,0.13597932
MOL_2320,0.10057473
MOL_2321,0.15587394
MOL_2322,0.13031687
MOL_2323,0.11674422
MOL_2324,0.12952416
MOL_2325,0.13312453
MOL_2326,0.11472917
MOL_2327,0.13866355
MOL_2328,0.09867740
MOL_2329,0.10424691
MOL_2330,0.10648187
MOL_2331,0.12293646
MOL_2332,0.13917916
MOL_2333,0.13490228
MOL_2334,0.11737011
MOL_2335,0.10677804
MOL_2336,0.14433177
MOL_2337,0.12968214
MOL_2338,0.10965082
MOL_2339,0.11416032
MOL_2340,0.10932742
MOL_2341,0.12819026
MOL_2342,0.12939599
MOL_2343,0.11590063
MOL_2344,0.13221206
MOL_2345,0.13432215
MOL_2346,0.10999097
MOL_2347,0.10689232
MOL_2348,0.13341686
MOL_2349,0.11673050
MOL_2350,0.11553913
MOL_2351,0.11919425
MOL_2352,0.11887258
MOL_2353,0.13193612
MOL_2354,0.12054139
MOL_2355,0.14795226
MOL_2356,0.14970824
MOL_2357,0.12978573
MOL_2358,0.13654856
MOL_2359,0.13319358
MOL_2360,0.10541363
MOL_2361,0.12254156
MOL_2362,0.12786885
MOL_2363,0.14021561
MOL_2364,0.10773320
MOL_2365,0.10805059
MOL_2366,0.12082416
MOL_2367,0.09443600
MOL_2368,0.13723779
MOL_2369,0.13960229
MOL_2370,0.11199929
MOL_2371,0.14351650
MOL_2372,0.13506968
MOL_2373,0.14564081
MOL_2374,0.11030170
MOL_2375,0.13141006
MOL_2376,0.13040979
MOL_2377,0.11479675
MOL_2378,0.13049892
MOL_2379,0.11455834
MOL_2380,0.10945661
MOL_2381,0.14464590
MOL_2382,0.11344668
MOL_2383,0.13993563
MOL_2384,0.11809915
MOL_2385,0.11581149
MOL_2386,0.11975124
MOL_2387,0.13028163
MOL_2388,0.11882747
MOL_2389,0.12264542
MOL_2390,0.11588980
MOL_2391,0.13846707
MOL_2392,0.11798488
MOL_2393,0.13895036
MOL_2394,0.09068152
MOL_2395,0.13095601
MOL_2396,0.14324114
MOL_2397,0.12480666
MOL_2398,0.10629595
MOL_2399,0.12435410
MOL_2400,0.12210400
MOL_2401,0.12840931
MOL_2402,0.13620186
MOL_2403,0.09871931
MOL_2404,0.10927251
MOL_2405,0.12317864
MOL_2406,0.12588230
MOL_2407,0.11282004
MOL_2408,0.12376143
MOL_2409,0.14117391
MOL_2410,0.13396716
MOL_2411,0.09678328
MOL_2412,0.14463174
MOL_2413,0.10125882
MOL_2414,0.13346033
MOL_2415,0.12484541
MOL_2416,0.14555128
MOL_2417,0.13485540
MOL_2418,0.11856498
MOL_2419,0.12608267
MOL_2420,0.11198519
MOL_2421,0.11360434
MOL_2422,0.12416167
MOL_2423,0.13246691
MOL_2424,0.10881120
MOL_2425,0.12407985
MOL_2426,0.14209384
MOL_2427,0.12883371
MOL_2428,0.12613943
MOL_2429,0.14963916
MOL_2430,0.10490450
MOL_2431,0.11713235
MOL_2432,0.11794955
MOL_2433,0.12446288
MOL_2434,0.12152018
MOL_2435,0.11662928
MOL_2436,0.12854366
MOL_2437,0.12123254
MOL_2438,0.12413147
MOL_2439,0.12214463
MOL_2440,0.14255969
MOL_2441,0.11622071
MOL_2442,0.12545559
MOL_2443,0.11304890
MOL_2444,0.12298994
MOL_2445,0.10483815
MOL_2446,0.12003516
MOL_2447,0.13606191
MOL_2448,0.12963049
MOL_2449,0.13999411
MOL_2450,0.10619531
MOL_2451,0.14474964
MOL_2452,0.12858209
MOL_2453,0.12482678
MOL_2454,0.11723066
MOL_2455,0.14213505
MOL_2456,0.14593484
MOL_2457,0.10665717
MOL_2458,0.10499576
MOL_2459,0.10890817
MOL_2460,0.13289700
MOL_2461,0.11769646
MOL_2462,0.11023763
MOL_2463,0.12747204
MOL_2464,0.12948918
MOL_2465,0.10407177
MOL_2466,0.11511248
MOL_2467,0.13103062
MOL_2468,0.11460959
MOL_2469,0.09859737
MOL_2470,0.13337506
MOL_2471,0.12562375
MOL_2472,0.13753830
MOL_2473,0.12084071
MOL_2474,0.12496941
MOL_2475,0.11266053
MOL_2476,0.13700660
MOL_2477,0.12442372
MOL_2478,0.12527005
MOL_2479,0.10607453
MOL_2480,0.12479059
MOL_2481,0.12146261
MOL_2482,0.12945941
MOL_2483,0.12210221
MOL_2484,0.13729362
MOL_2485,0.12157453
MOL_2486,0.10565215
MOL_2487,0.12045237
MOL_2488,0.12933634
MOL_2489,0.14347020
MOL_2490,0.11721524
MOL_2491,0.11270420
MOL_2492,0.14478622
MOL_2493,0.12949370
MOL_2494,0.12900832
MOL_2495,0.10527127
MOL_2496,0.12742649
MOL_2497,0.12718838
MOL_2498,0.10216857
MOL_2499,0.13037191
MOL_2500,0.12660499
MOL_2501,0.13406017
MOL_2502,0.13935405
MOL_2503,0.09936086
MOL_2504,0.10390826
MOL_2505,0.12386288
MOL_2506,0.11750510
MOL_2507,0.15586889
MOL_2508,0.10842619
MOL_2509,0.11992289
MOL_2510,0.11514249
MOL_2511,0.14799371
MOL_2512,0.08907981
MOL_2513,0.12010119
MOL_2514,0.10971276
MOL_2515,0.12922329
MOL_2516,0.11258686
MOL_2517,0.11895373
MOL_2518,0.09553642
MOL_2519,0.11236068
MOL_2520,0.13021755
MOL_2521,0.12148725
MOL_2522,0.12178491
MOL_2523,0.11493824
MOL_2524,0.15303122
MOL_2525,0.10276497
MOL_2526,0.13097060
MOL_2527,0.11872353
MOL_2528,0.12679224
MOL_2529,0.11220501
MOL_2530,0.11807313
MOL_2531,0.12940331
MOL_2532,0.14009707
MOL_2533,0.11058721
MOL_2534,0.08836183
MOL_2535,0.12992789
MOL_2536,0.14022522
MOL_2537,0.12650889
MOL_2538,0.13748658
MOL_2539,0.10969093
MOL_2540,0.14136560
MOL_2541,0.11765832
MOL_2542,0.13875228
MOL_2543,0.13499273
MOL_2544,0.14021264
MOL_2545,0.13179660
MOL_2546,0.08942688
MOL_2547,0.12765884
MOL_2548,0.12808840
MOL_2549,0.11621840
MOL_2550,0.12446292
MOL_2551,0.12065308
MOL_2552,0.13296822
MOL_2553,0.14090514
MOL_2554,0.11200378
MOL_2555,0.09311979
MOL_2556,0.13669336
MOL_2557,0.11665231
MOL_2558,0.12908895
MOL_2559,0.08962569
MOL_2560,0.12503892
MOL_2561,0.13695556
MOL_2562,0.08295747
MOL_2563,0.11991230
MOL_2564,0.12459620
MOL_2565,0.09290441
MOL_2566,0.12010249
MOL_2567,0.12764730
MOL_2568,0.13639610
MOL_2569,0.11123534
MOL_2570,0.09870534
MOL_2571,0.11699216
MOL_2572,0.11993215
MOL_2573,0.11831906
MOL_2574,0.11889200
MOL_2575,0.15412515
MOL_2576,0.12280956
MOL_2577,0.08871864
MOL_2578,0.17206685
MOL_2579,0.13584770
MOL_2580,0.13019769
MOL_2581,0.12308086
MOL_2582,0.09676178
MOL_2583,0.12562825
MOL_2584,0.12441663
MOL_2585,0.11293390
MOL_2586,0.12152620
MOL_2587,0.11078147
MOL_2588,0.11210327
MOL_2589,0.13381515
MOL_2590,0.14073275
MOL_2591,0.12057841
MOL_2592,0.11521371
MOL_2593,0.10659493
MOL_2594,0.09943670
MOL_2595,0.10399116
MOL_2596,0.13609959
MOL_2597,0.13610055
MOL_2598,0.14689572
MOL_2599,0.10584367
MOL_2600,0.11547066
MOL_2601,0.14452595
MOL_2602,0.13184451
MOL_2603,0.12383273
MOL_2604,0.14492221
MOL_2605,0.11300313
MOL_2606,0.11208384
MOL_2607,0.12795223
MOL_2608,0.13296784
MOL_2609,0.12133603
MOL_2610,0.12637155
MOL_2611,0.12906112
MOL_2612,0.14218499
MOL_2613,0.10523834
MOL_2614,0.12978512
MOL_2615,0.12774040
MOL_2616,0.12841488
MOL_2617,0.11929415
MOL_2618,0.10176546
MOL_2619,0.12446112
MOL_2620,0.10933884
MOL_2621,0.12719429
MOL_2622,0.12130787
MOL_2623,0.11697637
MOL_2624,0.12620087
MOL_2625,0.13626483
MOL_2626,0.11225095
MOL_2627,0.11042108
MOL_2628,0.13184874
MOL_2629,0.12219387
MOL_2630,0.12189271
MOL_2631,0.11126576
MOL_2632,0.12273894
MOL_2633,0.12757090
MOL_2634,0.14398876
MOL_2635,0.12185305
MOL_2636,0.12322804
MOL_2637,0.14259070
MOL_2638,0.12503299
MOL_2639,0.11928739
MOL_2640,0.12011267
MOL_2641,0.13576782
MOL_2642,0.14783299
MOL_2643,0.12651214
MOL_2644,0.13259161
MOL_2645,0.10334533
MOL_2646,0.13444462
MOL_2647,0.13249320
MOL_2648,0.11465516
MOL_2649,0.11255141
MOL_2650,0.11566874
MOL_2651,0.12893793
MOL_2652,0.13486321
MOL_2653,0.12980394
MOL_2654,0.14544562
MOL_2655,0.13011307
MOL_2656,0.11875743
MOL_2657,0.09467297
MOL_2658,0.14668460
MOL_2659,0.10020468
MOL_2660,0.11813103
MOL_2661,0.12451593
MOL_2662,0.12295975
MOL_2663,0.12360396
MOL_2664,0.11935043
MOL_2665,0.15430021
MOL_2666,0.12370369
MOL_2667,0.12804517
MOL_2668,0.13467361
MOL_2669,0.11621173
MOL_2670,0.13560227
MOL_2671,0.09640022
MOL_2672,0.10723115
MOL_2673,0.12894535
MOL_2674,0.13420112
MOL_2675,0.13346870
MOL_2676,0.10961681
MOL_2677,0.11437474
MOL_2678,0.11907272
MOL_2679,0.11840399
MOL_2680,0.12901364
MOL_2681,0.12566257
MOL_2682,0.13198240
MOL_2683,0.12715757
MOL_2684,0.12268120
MOL_2685,0.12943438
MOL_2686,0.12473898
MOL_2687,0.10866793
MOL_2688,0.13309340
MOL_2689,0.10966813
MOL_2690,0.11417282
MOL_2691,0.12689725
MOL_2692,0.10441040
MOL_2693,0.10896075
MOL_2694,0.13036276
MOL_2695,0.12426935
MOL_2696,0.10544277
MOL_2697,0.11361629
MOL_2698,0.13514088
MOL_2699,0.10928687
MOL_2700,0.11080048
MOL_2701,0.12761039
MOL_2702,0.10412174
MOL_2703,0.11748810
MOL_2704,0.09927713
MOL_2705,0.12807348
MOL_2706,0.10366447
MOL_2707,0.12529831
MOL_2708,0.10315327
MOL_2709,0.11580738
MOL_2710,0.12302928
MOL_2711,0.12458543
MOL_2712,0.14646678
MOL_2713,0.10792278
MOL_2714,0.10533290
MOL_2715,0.11312100
MOL_2716,0.11788295
MOL_2717,0.13567886
MOL_2718,0.13010103
MOL_2719,0.09578257
MOL_2720,0.09729318
MOL_2721,0.13806397
MOL_2722,0.12944847
MOL_2723,0.11745483
MOL_2724,0.10823072
MOL_2725,0.14259239
MOL_2726,0.14306530
MOL_2727,0.13074504
MOL_2728,0.14287841
MOL_2729,0.12358272
MOL_2730,0.13863710
MOL_2731,0.12224041
MOL_2732,0.16328692
MOL_2733,0.10159021
MOL_2734,0.13650514
MOL_2735,0.12301246
MOL_2736,0.12615958
MOL_2737,0.13295186
MOL_2738,0.12366489
MOL_2739,0.12358069
MOL_2740,0.13673416
MOL_2741,0.11707938
MOL_2742,0.15218878
MOL_2743,0.12842244
MOL_2744,0.10570183
MOL_2745,0.13131076
MOL_2746,0.12142868
MOL_2747,0.12586643
MOL_2748,0.10521761
MOL_2749,0.12488321
MOL_2750,0.13278684
MOL_2751,0.10991412
MOL_2752,0.11281034
MOL_2753,0.15623546
MOL_2754,0.16192451
MOL_2755,0.09885542
MOL_2756,0.11612152
MOL_2757,0.12694740
MOL_2758,0.10287163
MOL_2759,0.10976026
MOL_2760,0.11735412
MOL_2761,0.12360270
MOL_2762,0.12381793
MOL_2763,0.12065028
MOL_2764,0.10623644
MOL_2765,0.14274587
MOL_2766,0.10759594
MOL_2767,0.10438915
MOL_2768,0.13542737
MOL_2769,0.11823103
MOL_2770,0.13050751
MOL_2771,0.11876485
MOL_2772,0.09740140
MOL_2773,0.13378027
MOL_2774,0.10947116
MOL_2775,0.14213932
MOL_2776,0.13239293
MOL_2777,0.10685543
MOL_2778,0.10327683
MOL_2779,0.12774283
MOL_2780,0.13107973
MOL_2781,0.11514787
MOL_2782,0.14808175
MOL_2783,0.12057557
MOL_2784,0.10842663
MOL_2785,0.12786938
MOL_2786,0.13104886
MOL_2787,0.11433880
MOL_2788,0.10823648
MOL_2789,0.12835568
MOL_2790,0.13906384
MOL_2791,0.13146591
MOL_2792,0.11802886
MOL_2793,0.13367654
MOL_2794,0.13400532
MOL_2795,0.11237834
MOL_2796,0.11074855
MOL_2797,0.09552394
MOL_2798,0.13015899
MOL_2799,0.13871843
MOL_2800,0.11347469
MOL_2801,0.10966932
MOL_2802,0.10131206
MOL_2803,0.12887350
MOL_2804,0.10970117
MOL_2805,0.13406554
MOL_2806,0.11342864
MOL_2807,0.11099266
MOL_2808,0.13454905
MOL_2809,0.13168608
MOL_2810,0.09997936
MOL_2811,0.09609959
MOL_2812,0.10743514
MOL_2813,0.11203754
MOL_2814,0.12515728
MOL_2815,0.12874319
MOL_2816,0.10386765
MOL_2817,0.11433027
MOL_2818,0.11961059
MOL_2819,0.12172893
MOL_2820,0.11695402
MOL_2821,0.13645484
MOL_2822,0.11170330
MOL_2823,0.13183145
MOL_2824,0.10410637
MOL_2825,0.11370040
MOL_2826,0.14346987
MOL_2827,0.12876019
MOL_2828,0.11681750
MOL_2829,0.10835091
MOL_2830,0.10990384
MOL_2831,0.13572592
MOL_2832,0.12853216
MOL_2833,0.12156652
MOL_2834,0.14014767
MOL_2835,0.11668400
MOL_2836,0.11715541
MOL_2837,0.13188225
MOL_2838,0.11847290
MOL_2839,0.13987389
MOL_2840,0.10466338
MOL_2841,0.11096051
MOL_2842,0.12990433
MOL_2843,0.11793263
MOL_2844,0.12773369
MOL_2845,0.12948997
MOL_2846,0.12040288
MOL_2847,0.12280913
MOL_2848,0.12739855
MOL_2849,0.13352507
MOL_2850,0.12563175
MOL_2851,0.13721825
MOL_2852,0.08933084
MOL_2853,0.12627660
MOL_2854,0.13791662
MOL_2855,0.14900844
MOL_2856,0.14269455
MOL_2857,0.12608981
MOL_2858,0.12397050
MOL_2859,0.08245287
MOL_2860,0.10285813
MOL_2861,0.13145711
MOL_2862,0.16024581
MOL_2863,0.10918674
MOL_2864,0.10159252
MOL_2865,0.11307868
MOL_2866,0.11776193
MOL_2867,0.13823643
MOL_2868,0.09272497
MOL_2869,0.12017197
MOL_2870,0.12639470
MOL_2871,0.12803832
MOL_2872,0.11764439
MOL_2873,0.09161520
MOL_2874,0.11166219
MOL_2875,0.14013982
MOL_2876,0.11456621
MOL_2877,0.10999217
MOL_2878,0.09848383
MOL_2879,0.11499207
MOL_2880,0.12038563
MOL_2881,0.12968400
MOL_2882,0.10716309
MOL_2883,0.11370490
MOL_2884,0.14143389
MOL_2885,0.10253478
MOL_2886,0.15303472
MOL_2887,0.14361002
MOL_2888,0.12430929
MOL_2889,0.12212911
MOL_2890,0.12957467
MOL_2891,0.14685450
MOL_2892,0.12010723
MOL_2893,0.11706580
MOL_2894,0.12309884
MOL_2895,0.11906011
MOL_2896,0.10309386
MOL_2897,0.12530932
MOL_2898,0.13409790
MOL_2899,0.13313867
MOL_2900,0.11309043
MOL_2901,0.12602229
MOL_2902,0.10002983
MOL_2903,0.10973369
MOL_2904,0.13546523
MOL_2905,0.12701797
MOL_2906,0.10984100
MOL_2907,0.11327994
MOL_2908,0.11202954
MOL_2909,0.11820902
MOL_2910,0.13299026
MOL_2911,0.11160680
MOL_2912,0.12272342
MOL_2913,0.10374997
MOL_2914,0.09848753
MOL_2915,0.11649320
MOL_2916,0.13260467
MOL_2917,0.11766080
MOL_2918,0.12303762
MOL_2919,0.13157763
MOL_2920,0.11375680
MOL_2921,0.12202839
MOL_2922,0.12864041
MOL_2923,0.13250050
MOL_2924,0.11556016
MOL_2925,0.13013624
MOL_2926,0.13161749
MOL_2927,0.13537726
MOL_2928,0.11139953
MOL_2929,0.11956340
MOL_2930,0.13189286
MOL_2931,0.10621403
MOL_2932,0.11561178
MOL_2933,0.12535501
MOL_2934,0.13149720
MOL_2935,0.10772402
MOL_2936,0.11983863
MOL_2937,0.11701984
MOL_2938,0.13730134
MOL_2939,0.12829685
MOL_2940,0.10758673
MOL_2941,0.12863871
MOL_2942,0.12554567
MOL_2943,0.15877075
MOL_2944,0.11751134
MOL_2945,0.13051133
MOL_2946,0.14960422
MOL_2947,0.12042572
MOL_2948,0.09593990
MOL_2949,0.11926108
MOL_2950,0.13129476
MOL_2951,0.11807822
MOL_2952,0.12287109
MOL_2953,0.14199758
MOL_2954,0.09379108
MOL_2955,0.15057637
MOL_2956,0.12387796
MOL_2957,0.13150951
MOL_2958,0.10804643
MOL_2959,0.13344480
MOL_2960,0.13841450
MOL_2961,0.10111852
MOL_2962,0.13775346
MOL_2963,0.13043630
MOL_2964,0.13397774
MOL_2965,0.10218930
MOL_2966,0.11073003
MOL_2967,0.12298351
MOL_2968,0.10877421
MOL_2969,0.13286294
MOL_2970,0.13964544
MOL_2971,0.14551975
MOL_2972,0.11920092
MOL_2973,0.13359323
MOL_2974,0.13541645
MOL_2975,0.12619595
MOL_2976,0.12040911
MOL_2977,0.13937572
MOL_2978,0.11180972
MOL_2979,0.10551388
MOL_2980,0.13181989
MOL_2981,0.13687672
MOL_2982,0.11240103
MOL_2983,0.11236399
MOL_2984,0.13308999
MOL_2985,0.11342360
MOL_2986,0.10272536
MOL_2987,0.12889268
MOL_2988,0.13273905
MOL_2989,0.11738543
MOL_2990,0.12997168
MOL_2991,0.11967255
MOL_2992,0.12963970
MOL_2993,0.13957368
MOL_2994,0.14021845
MOL_2995,0.11287749
MOL_2996,0.11876921
MOL_2997,0.12687707
MOL_2998,0.11310371
MOL_2999,0.14351484
MOL_3000,0.12726960
MOL_3001,0.14823703
MOL_3002,0.12705545
MOL_3003,0.09957740
MOL_3004,0.11256467
MOL_3005,0.09873030
MOL_3006,0.13640733
MOL_3007,0.13845801
MOL_3008,0.14187154
MOL_3009,0.12375961
MOL_3010,0.10849465
MOL_3011,0.12809055
MOL_3012,0.13464467
MOL_3013,0.09687626
MOL_3014,0.13198972
MOL_3015,0.13887200
MOL_3016,0.12389848
MOL_3017,0.12730195
MOL_3018,0.10951301
MOL_3019,0.12811267
MOL_3020,0.12936828
MOL_3021,0.12079449
MOL_3022,0.11466981
MOL_3023,0.13317055
MOL_3024,0.09589946
MOL_3025,0.15352921
MOL_3026,0.11143946
MOL_3027,0.11652361
MOL_3028,0.10530805
MOL_3029,0.13050802
MOL_3030,0.11047178
MOL_3031,0.10897125
MOL_3032,0.13223816
MOL_3033,0.11918610
MOL_3034,0.10607524
MOL_3035,0.11668205
MOL_3036,0.09247394
MOL_3037,0.15509427
MOL_3038,0.10788896
MOL_3039,0.11826327
MOL_3040,0.14085340
MOL_3041,0.14856783
MOL_3042,0.12818111
MOL_3043,0.12890771
MOL_3044,0.13938947
MOL_3045,0.13845728
MOL_3046,0.12900329
MOL_3047,0.10904653
MOL_3048,0.11432598
MOL_3049,0.11985887
MOL_3050,0.12903839
MOL_3051,0.11052597
MOL_3052,0.10422499
MOL_3053,0.10259178
MOL_3054,0.11568280
MOL_3055,0.11118022
MOL_3056,0.11769892
MOL_3057,0.10820536
MOL_3058,0.12327513
MOL_3059,0.11265759
MOL_3060,0.15657182
MOL_3061,0.10884740
MOL_3062,0.14091492
MOL_3063,0.12157091
MOL_3064,0.13374715
MOL_3065,0.11847345
MOL_3066,0.12252465
MOL_3067,0.09107434
MOL_3068,0.13448486
MOL_3069,0.07775237
MOL_3070,0.11726020
MOL_3071,0.11419845
MOL_3072,0.11181027
MOL_3073,0.11549894
MOL_3074,0.10952304
MOL_3075,0.13129863
MOL_3076,0.11580530
MOL_3077,0.11854111
MOL_3078,0.11234035
MOL_3079,0.11795050
MOL_3080,0.12457111
MOL_3081,0.14180109
MOL_3082,0.12705557
MOL_3083,0.10989610
MOL_3084,0.13751392
MOL_3085,0.14418899
MOL_3086,0.10978760
MOL_3087,0.12750110
MOL_3088,0.11133738
MOL_3089,0.12304142
MOL_3090,0.14905529
MOL_3091,0.12133703
MOL_3092,0.13233998
MOL_3093,0.11466728
MOL_3094,0.11858457
MOL_3095,0.12538959
MOL_3096,0.12184714
MOL_3097,0.12818690
MOL_3098,0.12197441
MOL_3099,0.11581544
MOL_3100,0.12638071
MOL_3101,0.12327294
MOL_3102,0.12313537
MOL_3103,0.12386291
MOL_3104,0.11232670
MOL_3105,0.12816697
MOL_3106,0.12884922
MOL_3107,0.10458602
MOL_3108,0.11183069
MOL_3109,0.11479745
MOL_3110,0.10383222
MOL_3111,0.16132388
MOL_3112,0.13837644
MOL_3113,0.13359860
MOL_3114,0.13269135
MOL_3115,0.11959533
MOL_3116,0.07502519
MOL_3117,0.12333630
MOL_3118,0.12331144
MOL_3119,0.13373581
MOL_3120,0.12120921
MOL_3121,0.14967872
MOL_3122,0.13503654
MOL_3123,0.13651378
MOL_3124,0.13444977
MOL_3125,0.12029312
MOL_3126,0.11491495
MOL_3127,0.12888138
MOL_3128,0.13254070
MOL_3129,0.12548378
MOL_3130,0.11935662
MOL_3131,0.12947623
MOL_3132,0.13359323
MOL_3133,0.09854164
MOL_3134,0.11866122
MOL_3135,0.12371810
MOL_3136,0.11878990
MOL_3137,0.11800195
MOL_3138,0.11630602
MOL_3139,0.14847156
MOL_3140,0.10795537
MOL_3141,0.09592932
MOL_3142,0.14288755
MOL_3143,0.11973903
MOL_3144,0.08280270
MOL_3145,0.11995870
MOL_3146,0.12449016
MOL_3147,0.14246219
MOL_3148,0.14401987
MOL_3149,0.09905723
MOL_3150,0.09355844
MOL_3151,0.13651012
MOL_3152,0.12287526
MOL_3153,0.11721432
MOL_3154,0.12635747
MOL_3155,0.10955801
MOL_3156,0.11035311
MOL_3157,0.12094411
MOL_3158,0.11449125
MOL_3159,0.09637129
MOL_3160,0.13573948
MOL_3161,0.10690966
MOL_3162,0.14187287
MOL_3163,0.10600946
MOL_3164,0.13426901
MOL_3165,0.13945754
MOL_3166,0.13197345
MOL_3167,0.14237556
MOL_3168,0.11450560
MOL_3169,0.10685922
MOL_3170,0.09079080
MOL_3171,0.10933390
MOL_3172,0.12791218
MOL_3173,0.12586015
MOL_3174,0.11104494
MOL_3175,0.13485830
MOL_3176,0.11648001
MOL_3177,0.11926965
MOL_3178,0.10505502
MOL_3179,0.13392791
MOL_3180,0.15195417
MOL_3181,0.12696986
MOL_3182,0.12703353
MOL_3183,0.09631444
MOL_3184,0.11246417
MOL_3185,0.11793257
MOL_3186,0.12456614
MOL_3187,0.08831143
MOL_3188,0.11594243
MOL_3189,0.12301504
MOL_3190,0.11503661
MOL_3191,0.12244299
MOL_3192,0.11910827
MOL_3193,0.15060407
MOL_3194,0.12952103
MOL_3195,0.12735923
MOL_3196,0.12900910
MOL_3197,0.11227258
MOL_3198,0.11671137
MOL_3199,0.11602611
MOL_3200,0.12483410
MOL_3201,0.11778332
MOL_3202,0.12203551
MOL_3203,0.12485333
MOL_3204,0.12516789
MOL_3205,0.11936979
MOL_3206,0.11887351
MOL_3207,0.13008444
MOL_3208,0.12036499
MOL_3209,0.13126010
MOL_3210,0.11848731
MOL_3211,0.12177008
MOL_3212,0.11883101
MOL_3213,0.13279933
MOL_3214,0.12484707
MOL_3215,0.11190522
MOL_3216,0.10893448
MOL_3217,0.13225470
MOL_3218,0.10974765
MOL_3219,0.12467057
MOL_3220,0.09041159
MOL_3221,0.14491910
MOL_3222,0.11396512
MOL_3223,0.12302876
MOL_3224,0.11988395
MOL_3225,0.13179339
MOL_3226,0.14560388
MOL_3227,0.10608573
MOL_3228,0.14356285
MOL_3229,0.10358457
MOL_3230,0.12028199
MOL_3231,0.14291117
MOL_3232,0.10780166
MOL_3233,0.12137710
MOL_3234,0.12900533
MOL_3235,0.13875981
MOL_3236,0.12572348
MOL_3237,0.13831702
MOL_3238,0.12328726
MOL_3239,0.13922592
MOL_3240,0.12716348
MOL_3241,0.10079157
MOL_3242,0.15089147
MOL_3243,0.09608775
MOL_3244,0.11243201
MOL_3245,0.11795031
MOL_3246,0.12590821
MOL_3247,0.13612178
MOL_3248,0.13897605
MOL_3249,0.10600767
MOL_3250,0.10820632
MOL_3251,0.10967506
MOL_3252,0.13768512
MOL_3253,0.10732205
MOL_3254,0.12519290
MOL_3255,0.11113301
MOL_3256,0.12776266
MOL_3257,0.12072044
MOL_3258,0.11598942
MOL_3259,0.12486658
MOL_3260,0.10114481
MOL_3261,0.10092406
MOL_3262,0.11075028
MOL_3263,0.08744266
MOL_3264,0.11430924
MOL_3265,0.11402212
MOL_3266,0.13847812
MOL_3267,0.12934154
MOL_3268,0.11966529
MOL_3269,0.13796346
MOL_3270,0.11560394
MOL_3271,0.14925288
MOL_3272,0.14543478
MOL_3273,0.13057254
MOL_3274,0.12344241
MOL_3275,0.13535686
MOL_3276,0.13066497
MOL_3277,0.12793590
MOL_3278,0.13311706
MOL_3279,0.12758406
MOL_3280,0.14674464
MOL_3281,0.12533589
MOL_3282,0.10215063
MOL_3283,0.11522727
MOL_3284,0.12552154
MOL_3285,0.13147098
MOL_3286,0.11706028
MOL_3287,0.11924327
MOL_3288,0.14917186
MOL_3289,0.11740837
MOL_3290,0.12361941
MOL_3291,0.09769689
MOL_3292,0.12525089
MOL_3293,0.14057344
MOL_3294,0.12044736
MOL_3295,0.10464825
MOL_3296,0.10986437
MOL_3297,0.11398577
MOL_3298,0.10901518
MOL_3299,0.13208498
MOL_3300,0.12760590
MOL_3301,0.14048706
MOL_3302,0.10863755
MOL_3303,0.13602707
MOL_3304,0.13156371
MOL_3305,0.12467915
MOL_3306,0.10102176
MOL_3307,0.09678698
MOL_3308,0.15586916
MOL_3309,0.15717454
MOL_3310,0.11313216
MOL_3311,0.11818437
MOL_3312,0.12365585
MOL_3313,0.10319439
MOL_3314,0.12978177
MOL_3315,0.13616225
MOL_3316,0.12875310
MOL_3317,0.12190114
MOL_3318,0.11953202
MOL_3319,0.14887302
MOL_3320,0.10927388
MOL_3321,0.10817116
MOL_3322,0.09768562
MOL_3323,0.11851980
MOL_3324,0.13353205
MOL_3325,0.13351612
MOL_3326,0.11964221
MOL_3327,0.11896089
MOL_3328,0.13012068
MOL_3329,0.12080875
MOL_3330,0.12240813
MOL_3331,0.13711993
MOL_3332,0.12305176
MOL_3333,0.14877392
MOL_3334,0.10953015
MOL_3335,0.14324668
MOL_3336,0.12321463
MOL_3337,0.11462466
MOL_3338,0.10866226
MOL_3339,0.13524289
MOL_3340,0.10530372
MOL_3341,0.10998303
MOL_3342,0.09460191
MOL_3343,0.13059372
MOL_3344,0.10449942
MOL_3345,0.12295096
MOL_3346,0.11295068
MOL_3347,0.14059837
MOL_3348,0.13634868
MOL_3349,0.13111117
MOL_3350,0.12591399
MOL_3351,0.12071919
MOL_3352,0.12412275
MOL_3353,0.14256625
MOL_3354,0.11944846
MOL_3355,0.11722409
MOL_3356,0.11784513
MOL_3357,0.11836921
MOL_3358,0.11356191
MOL_3359,0.13077411
MOL_3360,0.10771323
MOL_3361,0.12793942
MOL_3362,0.11344294
MOL_3363,0.12880990
MOL_3364,0.10911658
MOL_3365,0.13670485
